magic_number,mode,euler_x,euler_y,currernt_u[0],currernt_u[1],dt,dt_observer,footer,
3735928559,0,-0.8743690252304077,0.07602821290493011,0.0,0.0,4231.578125,0.0,3405707998,
3735928559,0,-0.8565465211868286,0.43384653329849243,0.0,0.0,0.00215300009585917,0.002019000006839633,3405707998,
3735928559,0,-0.8569484949111938,0.4338454008102417,0.0,0.0,0.0011690000537782907,0.0010470000561326742,3405707998,
3735928559,0,-0.8567201495170593,0.43373191356658936,0.0,0.0,0.0019480000482872128,0.0020439999643713236,3405707998,
3735928559,0,-0.8562266826629639,0.43374788761138916,0.0,0.0,0.001699000014923513,0.002022000029683113,3405707998,
3735928559,0,-0.8553019165992737,0.4335978627204895,0.0,0.0,0.0011769999982789159,0.0019150000298395753,3405707998,
3735928559,0,-0.8546427488327026,0.43357717990875244,0.0,0.0,0.0011780000058934093,0.0018649999983608723,3405707998,
3735928559,0,-0.8544135093688965,0.433523565530777,0.0,0.0,0.0011749999830499291,0.0010550000006332994,3405707998,
3735928559,0,-0.854610025882721,0.4335021376609802,0.0,0.0,0.0011790000135079026,0.0010519999777898192,3405707998,
3735928559,0,-0.854891836643219,0.4335053861141205,0.0,0.0,0.0019460000330582261,0.0010509999701753259,3405707998,
3735928559,0,-0.8550942540168762,0.4334997534751892,0.0,0.0,0.001993000041693449,0.001259000040590763,3405707998,
3735928559,0,-0.8551302552223206,0.43344494700431824,0.0,0.0,0.0021569998934865,0.002068999921903014,3405707998,
3735928559,0,-0.8549511432647705,0.43341317772865295,0.0,0.0,0.0021520000882446766,0.00203399988822639,3405707998,
3735928559,0,-0.8549529314041138,0.4334476888179779,0.0,0.0,0.0020989999175071716,0.0020210000220686197,3405707998,
3735928559,0,-0.8548876643180847,0.43354204297065735,0.0,0.0,0.0021430000197142363,0.00204299995675683,3405707998,
3735928559,0,-0.8548693656921387,0.4336004853248596,0.0,0.0,0.0011780000058934093,0.0010590000310912728,3405707998,
3735928559,0,-0.8547375798225403,0.4336542785167694,0.0,0.0,0.001449999981559813,0.0020280000753700733,3405707998,
3735928559,0,-0.8546578884124756,0.43367668986320496,0.0,0.0,0.0011769999982789159,0.002019000006839633,3405707998,
3735928559,0,-0.8546018600463867,0.4338013231754303,0.0,0.0,0.0011739999754354358,0.001373999984934926,3405707998,
3735928559,0,-0.8544957637786865,0.4338630437850952,0.0,0.0,0.0011729999678209424,0.001053999993018806,3405707998,
3735928559,0,-0.8544919490814209,0.43392765522003174,0.0,0.0,0.001171999960206449,0.0010470000561326742,3405707998,
3735928559,0,-0.8544873595237732,0.4339809715747833,0.0,0.0,0.0021520000882446766,0.002047999994829297,3405707998,
3735928559,0,-0.854494035243988,0.43394502997398376,0.0,0.0,0.0019480000482872128,0.002044999971985817,3405707998,
3735928559,0,-0.8545643091201782,0.43406057357788086,0.0,0.0,0.0011780000058934093,0.0010590000310912728,3405707998,
3735928559,0,-0.8546264171600342,0.43409138917922974,0.0,0.0,0.0011739999754354358,0.0019109999993816018,3405707998,
3735928559,0,-0.854641318321228,0.43399813771247864,0.0,0.0,0.0011690000537782907,0.0010509999701753259,3405707998,
3735928559,0,-0.8547557592391968,0.4340130388736725,0.0,0.0,0.0011769999982789159,0.001053999993018806,3405707998,
3735928559,0,-0.8547951579093933,0.43396610021591187,0.0,0.0,0.0021649999544024467,0.0017000000225380063,3405707998,
3735928559,0,-0.8547002077102661,0.43389764428138733,0.0,0.0,0.0021619999315589666,0.0021379999816417694,3405707998,
3735928559,0,-0.8546735644340515,0.43389177322387695,0.0,0.0,0.0018599999602884054,0.0020200000144541264,3405707998,
3735928559,0,-0.8546199798583984,0.4338648021221161,0.0,0.0,0.0015450000064447522,0.0020129999611526728,3405707998,
3735928559,0,-0.8546187281608582,0.4338243305683136,0.0,0.0,0.001180000021122396,0.0010580000234767795,3405707998,
3735928559,0,-0.8545777797698975,0.4338688254356384,0.0,0.0,0.0011729999678209424,0.0010529999854043126,3405707998,
3735928559,0,-0.8545399308204651,0.4338637590408325,0.0,0.0,0.0011749999830499291,0.0010550000006332994,3405707998,
3735928559,0,-0.854501485824585,0.43378666043281555,0.0,0.0,0.0011749999830499291,0.0010560000082477927,3405707998,
3735928559,0,-0.8544729351997375,0.4338133931159973,0.0,0.0,0.0019549999851733446,0.002041999949142337,3405707998,
3735928559,0,-0.8544578552246094,0.43371689319610596,0.0,0.0,0.0012989999959245324,0.002044999971985817,3405707998,
3735928559,0,-0.8543909788131714,0.4337253272533417,0.0,0.0,0.0011749999830499291,0.0018400000408291817,3405707998,
3735928559,0,-0.8543269634246826,0.4337913691997528,0.0,0.0,0.0011739999754354358,0.0010529999854043126,3405707998,
3735928559,0,-0.8542929887771606,0.4338489770889282,0.0,0.0,0.0011699999449774623,0.0010499999625608325,3405707998,
3735928559,0,-0.8542469143867493,0.43393975496292114,0.0,0.0,0.002142000012099743,0.0013419999741017818,3405707998,
3735928559,0,-0.8541821837425232,0.43400323390960693,0.0,0.0,0.0021619999315589666,0.0020649998914450407,3405707998,
3735928559,0,-0.8542707562446594,0.4340513050556183,0.0,0.0,0.0011690000537782907,0.0010450000409036875,3405707998,
3735928559,0,-0.8542909622192383,0.43409302830696106,0.0,0.0,0.0011780000058934093,0.002050000010058284,3405707998,
3735928559,0,-0.8542962074279785,0.4338986277580261,0.0,0.0,0.0011709999525919557,0.0019259999971836805,3405707998,
3735928559,0,-0.8542888164520264,0.43383386731147766,0.0,0.0,0.001167000038549304,0.0010470000561326742,3405707998,
3735928559,0,-0.8543720245361328,0.43381941318511963,0.0,0.0,0.001167000038549304,0.0010509999701753259,3405707998,
3735928559,0,-0.8544273972511292,0.4338442385196686,0.0,0.0,0.0011709999525919557,0.0010460000485181808,3405707998,
3735928559,0,-0.8544822335243225,0.4337523877620697,0.0,0.0,0.002139999996870756,0.0020630001090466976,3405707998,
3735928559,0,-0.8544687628746033,0.43377256393432617,0.0,0.0,0.001661999966017902,0.002013999968767166,3405707998,
3735928559,0,-0.854368269443512,0.43386662006378174,0.0,0.0,0.0011699999449774623,0.0010489999549463391,3405707998,
3735928559,0,-0.8543205857276917,0.43389052152633667,0.0,0.0,0.0011749999830499291,0.001053999993018806,3405707998,
3735928559,0,-0.8542060852050781,0.43397682905197144,0.0,0.0,0.0011759999906644225,0.0010550000006332994,3405707998,
3735928559,0,-0.8541587591171265,0.43398964405059814,0.0,0.0,0.0011759999906644225,0.0017590000061318278,3405707998,
3735928559,0,-0.8540554642677307,0.43400898575782776,0.0,0.0,0.0019290000200271606,0.002047999994829297,3405707998,
3735928559,0,-0.8540740609169006,0.43415555357933044,0.0,0.0,0.001550000044517219,0.0020379999186843634,3405707998,
3735928559,0,-0.8540000319480896,0.43418222665786743,0.0,0.0,0.0011759999906644225,0.0015869999770075083,3405707998,
3735928559,0,-0.8541244864463806,0.43426647782325745,0.0,0.0,0.001183000043965876,0.001057000015862286,3405707998,
3735928559,0,-0.8541695475578308,0.43418610095977783,0.0,0.0,0.0011739999754354358,0.0010509999701753259,3405707998,
3735928559,0,-0.8542520403862,0.43414542078971863,0.0,0.0,0.0021699999924749136,0.0018189999973401427,3405707998,
3735928559,0,-0.8542444705963135,0.4341183602809906,0.0,0.0,0.0021750000305473804,0.0018260000506415963,3405707998,
3735928559,0,-0.8543411493301392,0.43406784534454346,0.0,0.0,0.0011709999525919557,0.0010489999549463391,3405707998,
3735928559,0,-0.8544718623161316,0.4340592622756958,0.0,0.0,0.0016789999790489674,0.00203399988822639,3405707998,
3735928559,0,-0.8545171022415161,0.43404853343963623,0.0,0.0,0.0011699999449774623,0.001914000022225082,3405707998,
3735928559,0,-0.8543940782546997,0.4339753985404968,0.0,0.0,0.0011739999754354358,0.0010479999473318458,3405707998,
3735928559,0,-0.8537257313728333,0.4338959753513336,0.0,0.0,0.0011729999678209424,0.0010499999625608325,3405707998,
3735928559,0,-0.8528130650520325,0.43390488624572754,0.0,0.0,0.0011709999525919557,0.001057000015862286,3405707998,
3735928559,0,-0.8519102334976196,0.4338610768318176,0.0,0.0,0.0021860001143068075,0.00203000009059906,3405707998,
3735928559,0,-0.8507113456726074,0.4338364005088806,0.0,0.0,0.0021490000654011965,0.002022000029683113,3405707998,
3735928559,0,-0.849541187286377,0.43376073241233826,0.0,0.0,0.0011739999754354358,0.0010509999701753259,3405707998,
3735928559,0,-0.848906934261322,0.43361368775367737,0.0,0.0,0.0018739999504759908,0.002053000032901764,3405707998,
3735928559,0,-0.8492501974105835,0.43372055888175964,0.0,0.0,0.001610000035725534,0.0020169999916106462,3405707998,
3735928559,0,-0.8507927656173706,0.43378111720085144,0.0,0.0,0.0011739999754354358,0.0010529999854043126,3405707998,
3735928559,1,-0.8537662625312805,0.4339844584465027,0.051310110837221146,-0.1011798307299614,0.001361000002361834,0.001053999993018806,3405707998,
3735928559,1,-0.8568805456161499,0.4341813325881958,0.051099661737680435,-0.10128627717494965,0.002199999988079071,0.0016410000389441848,3405707998,
3735928559,1,-0.8601006269454956,0.4344225823879242,0.051031630486249924,-0.10132057219743729,0.0012199999764561653,0.0010509999701753259,3405707998,
3735928559,1,-0.8618228435516357,0.4345965087413788,0.05105186626315117,-0.1013103798031807,0.0012290000449866056,0.0020439999643713236,3405707998,
3735928559,1,-0.8618412017822266,0.4347228705883026,0.051145896315574646,-0.10126294195652008,0.0012499999720603228,0.0010509999701753259,3405707998,
3735928559,1,-0.8606182336807251,0.4348878264427185,0.05126497521996498,-0.10120271146297455,0.0021869998890906572,0.0020169999916106462,3405707998,
3735928559,1,-0.8583804368972778,0.43495890498161316,0.051401060074567795,-0.10113365948200226,0.0012260000221431255,0.0019069999689236283,3405707998,
3735928559,1,-0.8560236692428589,0.4349597990512848,0.05150493606925011,-0.10108079761266708,0.001227000029757619,0.0010550000006332994,3405707998,
3735928559,1,-0.8540958762168884,0.43500465154647827,0.05156620591878891,-0.10104955732822418,0.0016410000389441848,0.002025000052526593,3405707998,
3735928559,1,-0.8528604507446289,0.434964120388031,0.05159605294466019,-0.10103432089090347,0.002211000071838498,0.002025000052526593,3405707998,
3735928559,1,-0.8520653247833252,0.43503624200820923,0.0516008697450161,-0.10103185474872589,0.002194999950006604,0.0020230000372976065,3405707998,
3735928559,1,-0.8522841930389404,0.4351513087749481,0.0515635646879673,-0.10105089843273163,0.0021840000990778208,0.0016919999616220593,3405707998,
3735928559,1,-0.853169858455658,0.43525558710098267,0.051530785858631134,-0.10106762498617172,0.0022640000097453594,0.0010550000006332994,3405707998,
3735928559,1,-0.853775680065155,0.4354395866394043,0.05154143646359444,-0.10106219351291656,0.001221999991685152,0.0010529999854043126,3405707998,
3735928559,1,-0.8534874320030212,0.4354892671108246,0.051611341536045074,-0.1010265052318573,0.0012229999992996454,0.0010519999777898192,3405707998,
3735928559,1,-0.8523370027542114,0.4355015158653259,0.051700640469789505,-0.10098084062337875,0.001221999991685152,0.0020280000753700733,3405707998,
3735928559,1,-0.8507614731788635,0.43563222885131836,0.051799096167087555,-0.10093037039041519,0.0021540001034736633,0.00203000009059906,3405707998,
3735928559,1,-0.8497102856636047,0.4357829689979553,0.05180030316114426,-0.10092975199222565,0.002220999915152788,0.0020240000449121,3405707998,
3735928559,1,-0.8498826026916504,0.4359561502933502,0.05175692215561867,-0.10095200687646866,0.002194999950006604,0.0013379999436438084,3405707998,
3735928559,1,-0.8510690331459045,0.4361345171928406,0.051709625869989395,-0.10097623616456985,0.0012250000145286322,0.0016009999671950936,3405707998,
3735928559,1,-0.8537716865539551,0.43622317910194397,0.05143672600388527,-0.10111552476882935,0.0014299999456852674,0.0010509999701753259,3405707998,
3735928559,1,-0.8583646416664124,0.4364997148513794,0.05124221742153168,-0.10121423751115799,0.0021879998967051506,0.0020359999034553766,3405707998,
3735928559,1,-0.8626919984817505,0.4363303482532501,0.05134700983762741,-0.10116111487150192,0.0012229999992996454,0.0010519999777898192,3405707998,
3735928559,1,-0.8543683886528015,0.4367876946926117,0.05232128128409386,-0.10066066682338715,0.0012280000373721123,0.0020759999752044678,3405707998,
3735928559,1,-0.8083069920539856,0.43385738134384155,0.05686698481440544,-0.09816431254148483,0.001408000010997057,0.0020210000220686197,3405707998,
3735928559,1,-0.7033001184463501,0.4266389012336731,0.06850340962409973,-0.09042879939079285,0.0012280000373721123,0.0010529999854043126,3405707998,
3735928559,1,-0.5367422103881836,0.42384183406829834,0.0884123370051384,-0.07108688354492188,0.0014830000000074506,0.00204299995675683,3405707998,
3735928559,1,-0.31103354692459106,0.4171595871448517,0.11181703954935074,-0.019158190116286278,0.0012150000547990203,0.0020069999154657125,3405707998,
3735928559,1,-0.06774678081274033,0.4065312445163727,0.1016421765089035,0.05038803815841675,0.0012179999612271786,0.0010580000234767795,3405707998,
3735928559,1,0.18759635090827942,0.390430212020874,0.07134900987148285,0.08820093423128128,0.001246000058017671,0.0012250000145286322,3405707998,
3735928559,1,0.4395650625228882,0.365893691778183,0.050766509026288986,0.10145366936922073,0.0014890000456944108,0.0010489999549463391,3405707998,
3735928559,1,0.655025064945221,0.3415720462799072,0.039014510810375214,0.10652677714824677,0.001227000029757619,0.0010550000006332994,3405707998,
3735928559,1,0.8254137635231018,0.3146876394748688,0.031821753829717636,0.10889197140932083,0.001230000052601099,0.0010509999701753259,3405707998,
3735928559,1,0.9577147364616394,0.28970637917518616,0.026765722781419754,0.11024373769760132,0.0022090000566095114,0.0018210000125691295,3405707998,
3735928559,1,1.056562900543213,0.267804890871048,0.02425987832248211,0.11082212626934052,0.0012309999438002706,0.0010529999854043126,3405707998,
3735928559,1,1.1180195808410645,0.2511647045612335,0.022471966221928596,0.11119845509529114,0.001449999981559813,0.0010560000082477927,3405707998,
3735928559,1,1.1491947174072266,0.2441026270389557,0.02307768538594246,0.11107432842254639,0.001227000029757619,0.0020149999763816595,3405707998,
3735928559,1,1.1546417474746704,0.24107997119426727,0.02351384423673153,0.11098281294107437,0.0021959999576210976,0.001383999944664538,3405707998,
3735928559,1,1.135339617729187,0.24573583900928497,0.025266926735639572,0.11059687286615372,0.0012260000221431255,0.0010629999451339245,3405707998,
3735928559,1,1.0925463438034058,0.2568199336528778,0.028870634734630585,0.10971131175756454,0.0012280000373721123,0.001053999993018806,3405707998,
3735928559,1,1.0204377174377441,0.2736862599849701,0.033859800547361374,0.10827557742595673,0.001230000052601099,0.0013650000328198075,3405707998,
3735928559,1,0.9260711073875427,0.2939841151237488,0.040866486728191376,0.1058301255106926,0.0012209999840706587,0.001285000005736947,3405707998,
3735928559,1,0.8074259757995605,0.31642037630081177,0.051627639681100845,0.10101818293333054,0.0012290000449866056,0.001854000031016767,3405707998,
3735928559,1,0.6546360850334167,0.3395252227783203,0.06724965572357178,0.0913650393486023,0.001227000029757619,0.0010509999701753259,3405707998,
3735928559,1,0.4805835783481598,0.36182379722595215,0.0904499813914299,0.06847544014453888,0.0012250000145286322,0.0010560000082477927,3405707998,
3735928559,1,0.2797759473323822,0.38100677728652954,0.11235757917165756,0.01567995175719261,0.0012250000145286322,0.001053999993018806,3405707998,
3735928559,1,0.04961071163415909,0.3970496952533722,0.1021805927157402,-0.04928703233599663,0.0020129999611526728,0.0010489999549463391,3405707998,
3735928559,1,-0.1948828399181366,0.4097957909107208,0.07755585759878159,-0.08279598504304886,0.001221999991685152,0.0010499999625608325,3405707998,
3735928559,1,-0.4261558949947357,0.41811221837997437,0.06107300519943237,-0.09560425579547882,0.0012329999590292573,0.0010560000082477927,3405707998,
3735928559,1,-0.6424832940101624,0.4232529401779175,0.05040624365210533,-0.10163314640522003,0.0022100000642240047,0.0020179999992251396,3405707998,
3735928559,1,-0.8754956722259521,0.43760260939598083,0.04247685894370079,-0.10519411414861679,0.0012240000069141388,0.0010560000082477927,3405707998,
3735928559,1,-1.0990248918533325,0.44627490639686584,0.036519795656204224,-0.1074075922369957,0.001231999951414764,0.0012809999752789736,3405707998,
3735928559,1,-1.3409255743026733,0.46156904101371765,0.0327812060713768,-0.10860699415206909,0.002191999927163124,0.0020169999916106462,3405707998,
3735928559,1,-1.6012535095214844,0.488975465297699,0.03078523650765419,-0.10918954014778137,0.0012260000221431255,0.0010550000006332994,3405707998,
3735928559,1,-1.8513129949569702,0.5340238809585571,0.03063049539923668,-0.10923304408788681,0.0012450000504031777,0.0012519999872893095,3405707998,
3735928559,1,-2.105515241622925,0.6094455122947693,0.032514434307813644,-0.1086871549487114,0.0022239999379962683,0.0020389999262988567,3405707998,
3735928559,1,-2.3594162464141846,0.7377756237983704,0.036993831396102905,-0.10724524408578873,0.0012489999644458294,0.0010770000517368317,3405707998,
3735928559,1,-2.571157455444336,0.9340750575065613,0.04501257464289665,-0.10413430631160736,0.0012410000199452043,0.0012740000383928418,3405707998,
3735928559,1,-2.755354404449463,1.3792699575424194,0.07221755385398865,-0.08749119937419891,0.002194999950006604,0.0020459999796003103,3405707998,
3735928559,1,-2.9035775661468506,1.5707963705062866,0.05226243659853935,-0.10069122910499573,0.0012009999481961131,0.001028000027872622,3405707998,
3735928559,1,-2.9928650856018066,1.5707963705062866,0.05171477422118187,-0.10097359865903854,0.0012019999558106065,0.0010270000202581286,3405707998,
3735928559,1,-3.0384695529937744,1.5707963705062866,0.051846835762262344,-0.10090585798025131,0.0012019999558106065,0.0010349999647587538,3405707998,
3735928559,1,-3.0318877696990967,1.5707963705062866,0.05261467024683952,-0.10050762444734573,0.0021780000533908606,0.001988000003620982,3405707998,
3735928559,1,-2.9816532135009766,1.5707963705062866,0.05386285483837128,-0.09984427690505981,0.0011950000189244747,0.0010270000202581286,3405707998,
3735928559,1,-2.9095256328582764,1.5707963705062866,0.05518956482410431,-0.09911709278821945,0.0011950000189244747,0.001998000079765916,3405707998,
3735928559,1,-2.820763111114502,1.5707963705062866,0.0565376952290535,-0.09835433214902878,0.0011950000189244747,0.0010179999517276883,3405707998,
3735928559,1,-2.7446227073669434,1.5707963705062866,0.0575634241104126,-0.09775754809379578,0.0011940000113099813,0.001025000005029142,3405707998,
3735928559,1,-2.680511951446533,1.5707963705062866,0.058303479105234146,-0.09731798619031906,0.0012009999481961131,0.0010300000431016088,3405707998,
3735928559,1,-2.634312868118286,1.5707963705062866,0.058764830231666565,-0.0970401018857956,0.00216599996201694,0.0020779999904334545,3405707998,
3735928559,1,-2.6028761863708496,1.5707963705062866,0.05902651697397232,-0.09688114374876022,0.0011980000417679548,0.0010339999571442604,3405707998,
3735928559,1,-2.5860226154327393,1.5707963705062866,0.05911342799663544,-0.09682814031839371,0.0014029999729245901,0.0010389999952167273,3405707998,
3735928559,1,-2.580275774002075,1.5707963705062866,0.05900950729846954,-0.09689150750637054,0.00120599998626858,0.0020240000449121,3405707998,
3735928559,1,-2.584068536758423,1.5707963705062866,0.058786097913980484,-0.09702721238136292,0.0021860001143068075,0.0019940000493079424,3405707998,
3735928559,1,-2.598205089569092,1.5707963705062866,0.05835013464093208,-0.09729001671075821,0.0012029999634250998,0.0010319999419152737,3405707998,
3735928559,1,-2.6230854988098145,1.5707963705062866,0.057754065841436386,-0.09764503687620163,0.0016449999529868364,0.0020089999306946993,3405707998,
3735928559,1,-2.6635043621063232,1.5707963705062866,0.05688474699854851,-0.09815401583909988,0.0012000000569969416,0.0020749999675899744,3405707998,
3735928559,1,-2.717191696166992,1.5707963705062866,0.05582838132977486,-0.09875868260860443,0.0012000000569969416,0.001032999949529767,3405707998,
3735928559,1,-2.7798147201538086,1.5707963705062866,0.05471811816096306,-0.09937813133001328,0.00145800004247576,0.002015999983996153,3405707998,
3735928559,1,-2.8575849533081055,1.5707963705062866,0.0534919835627079,-0.10004346072673798,0.0011919999960809946,0.0010260000126436353,3405707998,
3735928559,1,-2.9325618743896484,1.5707963705062866,0.05252167209982872,-0.10055625438690186,0.0011909999884665012,0.0010229999898001552,3405707998,
3735928559,1,-2.997276544570923,1.5707963705062866,0.051881466060876846,-0.10088805109262466,0.0011940000113099813,0.0010260000126436353,3405707998,
3735928559,1,-3.038511037826538,1.5707963705062866,0.051719892770051956,-0.10097097605466843,0.002176000038161874,0.0016769999638199806,3405707998,
3735928559,1,-3.0481104850769043,1.5707963705062866,0.052094314247369766,-0.10077831149101257,0.0012080000014975667,0.001032999949529767,3405707998,
3735928559,1,-3.0233867168426514,1.5707963705062866,0.05290244519710541,-0.10035645216703415,0.0012039999710395932,0.0012450000504031777,3405707998,
3735928559,1,-2.9664885997772217,1.5707963705062866,0.054146941751241684,-0.0996904969215393,0.0013289999915286899,0.0020230000372976065,3405707998,
3735928559,1,-2.878704071044922,1.5707963705062866,0.05581917613744736,-0.09876389056444168,0.0012000000569969416,0.001028000027872622,3405707998,
3735928559,1,-2.7800774574279785,1.5028249025344849,-0.07633165270090103,-0.08392594754695892,0.0011950000189244747,0.0010529999854043126,3405707998,
3735928559,1,-2.6596367359161377,1.0474237203598022,0.034675419330596924,-0.10801713168621063,0.0012440000427886844,0.0018739999504759908,3405707998,
3735928559,1,-2.5311522483825684,0.8669573068618774,0.03297431394457817,-0.10854851454496384,0.0012390000047162175,0.0010710000060498714,3405707998,
3735928559,1,-2.416482448577881,0.7631230354309082,0.03178664296865463,-0.1089022308588028,0.001246000058017671,0.0010760000441223383,3405707998,
3735928559,1,-2.3038389682769775,0.6882137060165405,0.031076619401574135,-0.10910696536302567,0.001572999986819923,0.002047999994829297,3405707998,
3735928559,1,-2.202065944671631,0.6358851194381714,0.030742967501282692,-0.10920144617557526,0.001243000035174191,0.001066999975591898,3405707998,
3735928559,1,-2.1240148544311523,0.6029452681541443,0.0305961761623621,-0.10924266278743744,0.0012469999492168427,0.001281999982893467,3405707998,
3735928559,1,-2.0626893043518066,0.5806065201759338,0.030588801950216293,-0.10924473404884338,0.0022070000413805246,0.0018420000560581684,3405707998,
3735928559,1,-2.0228078365325928,0.5675902962684631,0.030600646510720253,-0.10924141108989716,0.001246000058017671,0.001069999998435378,3405707998,
3735928559,1,-2.006829261779785,0.5627053380012512,0.030623627826571465,-0.10923497378826141,0.0012440000427886844,0.0011899999808520079,3405707998,
3735928559,1,-2.0122108459472656,0.5644310116767883,0.03066367655992508,-0.10922373831272125,0.0012390000047162175,0.0020570000633597374,3405707998,
3735928559,1,-2.0405020713806152,0.5734400153160095,0.030766280367970467,-0.10919488221406937,0.001243000035174191,0.0010730000212788582,3405707998,
3735928559,1,-2.0846097469329834,0.5882759094238281,0.031005721539258957,-0.10912713408470154,0.0012469999492168427,0.0010760000441223383,3405707998,
3735928559,1,-2.1488516330718994,0.6126866340637207,0.031500525772571564,-0.10898533463478088,0.0014199999859556556,0.0020630001090466976,3405707998,
3735928559,1,-2.231226921081543,0.64934903383255,0.03244505450129509,-0.10870788991451263,0.0012440000427886844,0.0010720000136643648,3405707998,
3735928559,1,-2.319305419921875,0.6964574456214905,0.03379211947321892,-0.1082967147231102,0.0012410000199452043,0.001069999998435378,3405707998,
3735928559,1,-2.421339750289917,0.7648754715919495,0.03599570319056511,-0.10758436471223831,0.0015670000575482845,0.002068999921903014,3405707998,
3735928559,1,-2.5312960147857666,0.8636680245399475,0.03943566605448723,-0.10637158155441284,0.001243000035174191,0.0010720000136643648,3405707998,
3735928559,1,-2.6345651149749756,0.9968860149383545,0.04436598718166351,-0.10441142320632935,0.001246000058017671,0.0010730000212788582,3405707998,
3735928559,1,-2.736236095428467,1.2199372053146362,0.05392888933420181,-0.09980861842632294,0.002208000048995018,0.002111000008881092,3405707998,
3735928559,1,-2.82930326461792,1.5707963705062866,0.053800929337739944,-0.09987765550613403,0.00120900000911206,0.001032999949529767,3405707998,
3735928559,1,-2.904465436935425,1.5707963705062866,0.05293739587068558,-0.10033801943063736,0.0012049999786540866,0.0010349999647587538,3405707998,
3735928559,1,-2.966134786605835,1.5707963705062866,0.05231061205267906,-0.10066621005535126,0.001867000013589859,0.0020099999383091927,3405707998,
3735928559,1,-3.0146336555480957,1.5707963705062866,0.05189352482557297,-0.10088185220956802,0.0012069999938830733,0.0010349999647587538,3405707998,
3735928559,1,-3.0432047843933105,1.5707963705062866,0.05171360448002815,-0.1009742021560669,0.0012009999481961131,0.001032999949529767,3405707998,
3735928559,1,-3.0595548152923584,1.5707963705062866,0.05167774483561516,-0.10099256038665771,0.0012069999938830733,0.002025000052526593,3405707998,
3735928559,1,-3.064275026321411,1.5707963705062866,0.051754239946603775,-0.10095337778329849,0.0012019999558106065,0.0010270000202581286,3405707998,
3735928559,1,-3.0613484382629395,1.5707963705062866,0.05186580866575241,-0.10089610517024994,0.0012029999634250998,0.0010349999647587538,3405707998,
3735928559,1,-3.054520845413208,1.5707963705062866,0.05198432877659798,-0.10083509236574173,0.0012080000014975667,0.001959000015631318,3405707998,
3735928559,1,-3.047745943069458,1.5707963705062866,0.05206238850951195,-0.10079480707645416,0.0021899999119341373,0.0016199999954551458,3405707998,
3735928559,1,-3.042999267578125,1.5707963705062866,0.052077773958444595,-0.10078685730695724,0.0012049999786540866,0.0010349999647587538,3405707998,
3735928559,1,-3.0420081615448,1.5707963705062866,0.052039891481399536,-0.10080642998218536,0.0021780000533908606,0.001996000064536929,3405707998,
3735928559,1,-3.0447216033935547,1.5707963705062866,0.05195733532309532,-0.10084900259971619,0.0012039999710395932,0.0010339999571442604,3405707998,
3735928559,1,-3.049858570098877,1.5707963705062866,0.05185873806476593,-0.10089974105358124,0.0012019999558106065,0.0010310000507161021,3405707998,
3735928559,1,-3.056081533432007,1.5707963705062866,0.05176803469657898,-0.10094630718231201,0.0012019999558106065,0.0010369999799877405,3405707998,
3735928559,1,-3.061739444732666,1.5707963705062866,0.05171479284763336,-0.10097359120845795,0.002194999950006604,0.0016799999866634607,3405707998,
3735928559,1,-3.064891815185547,1.5707963705062866,0.05173428729176521,-0.10096360743045807,0.0020729999523609877,0.001998000079765916,3405707998,
3735928559,1,-3.061903238296509,1.5707963705062866,0.05187730863690376,-0.10089018940925598,0.0012029999634250998,0.0010359999723732471,3405707998,
3735928559,1,-3.0510199069976807,1.5707963705062866,0.05215270817279816,-0.10074810683727264,0.002193999942392111,0.00202700006775558,3405707998,
3735928559,1,-3.0276272296905518,1.5707963705062866,0.052646443247795105,-0.1004909873008728,0.002116000046953559,0.001996000064536929,3405707998,
3735928559,1,-2.992662191390991,1.5707963705062866,0.05329950526356697,-0.10014613717794418,0.0011990000493824482,0.001032999949529767,3405707998,
3735928559,1,-2.9502086639404297,1.5707963705062866,0.05404645577073097,-0.0997450053691864,0.0015849999617785215,0.0020039998926222324,3405707998,
3735928559,1,-2.8947622776031494,1.5707963705062866,0.05496685579419136,-0.09924077242612839,0.0012009999481961131,0.001930000027641654,3405707998,
3735928559,1,-2.836177110671997,1.5707963705062866,0.05591779574751854,-0.09870808571577072,0.0012029999634250998,0.0012839999981224537,3405707998,
3735928559,1,-2.775242567062378,1.3601783514022827,0.038323357701301575,-0.1067773699760437,0.0012260000221431255,0.0020379999186843634,3405707998,
3735928559,1,-2.711219549179077,1.1326444149017334,0.03943741321563721,-0.1063709408044815,0.0012440000427886844,0.00133500003721565,3405707998,
3735928559,1,-2.654966354370117,1.0176371335983276,0.0378822386264801,-0.10693465918302536,0.001243000035174191,0.0010720000136643648,3405707998,
3735928559,1,-2.608773708343506,0.9461690187454224,0.03702297806739807,-0.10723518580198288,0.002302000066265464,0.002059000078588724,3405707998,
3735928559,1,-2.5723483562469482,0.8987858891487122,0.036437828093767166,-0.1074354276061058,0.0018350000027567148,0.0020469999872148037,3405707998,
3735928559,1,-2.550187110900879,0.8729226589202881,0.0362078994512558,-0.10751313716173172,0.0012450000504031777,0.0011050000321120024,3405707998,
3735928559,1,-2.5395796298980713,0.8613861203193665,0.03628680109977722,-0.1074865311384201,0.001243000035174191,0.0010730000212788582,3405707998,
3735928559,1,-2.5400350093841553,0.8620603680610657,0.03662895783782005,-0.10737041383981705,0.0012390000047162175,0.001069999998435378,3405707998,
3735928559,1,-2.5510189533233643,0.87403404712677,0.03721693158149719,-0.10716802626848221,0.0012450000504031777,0.0010740000288933516,3405707998,
3735928559,1,-2.5727179050445557,0.8990945219993591,0.0382922887802124,-0.1067885160446167,0.0012410000199452043,0.0010779999429360032,3405707998,
3735928559,1,-2.602034330368042,0.9362878203392029,0.039637573063373566,-0.10629651695489883,0.0017330000409856439,0.00203399988822639,3405707998,
3735928559,1,-2.6416900157928467,0.9941666126251221,0.04171374812722206,-0.10549905151128769,0.0012410000199452043,0.0010730000212788582,3405707998,
3735928559,1,-2.6843550205230713,1.0703084468841553,0.04447181150317192,-0.10436639189720154,0.0012420000275596976,0.0012669999850913882,3405707998,
3735928559,1,-2.732901096343994,1.1860777139663696,0.04888388514518738,-0.10237407684326172,0.0021979999728500843,0.0019580000080168247,3405707998,
3735928559,1,-2.7832372188568115,1.3993139266967773,0.059798769652843475,-0.09640640020370483,0.001227000029757619,0.0010580000234767795,3405707998,
3735928559,1,-2.830270290374756,1.5707963705062866,0.05433930829167366,-0.09958577156066895,0.0014410000294446945,0.0010319999419152737,3405707998,
3735928559,1,-2.875016689300537,1.5707963705062866,0.053753819316625595,-0.09990301728248596,0.00216299993917346,0.0019990000873804092,3405707998,
3735928559,1,-2.917205810546875,1.5707963705062866,0.053230829536914825,-0.1001826599240303,0.0011990000493824482,0.0010319999419152737,3405707998,
3735928559,1,-2.9508869647979736,1.5707963705062866,0.0528363399207592,-0.10039126873016357,0.00120599998626858,0.001230000052601099,3405707998,
