magic_number,mode,euler[0], euler[1], euler[2], v_e[0], v_e[1], v_e[2], u[0], u[1], dt,footer,time
3735928559,254,0.0,0.0,0.0,0.0,0.0,0.0,0.0,0.0,59.49541091918945,3405707998,44.27
3735928559,254,0.0,0.0,0.0,0.0,0.0,0.0,0.0,0.0,0.005038000177592039,3405707998,44.38
3735928559,254,0.0,0.0,0.0,0.0,0.0,0.0,0.0,0.0,0.005038000177592039,3405707998,44.57
3735928559,254,0.0,0.0,0.0,0.0,0.0,0.0,0.0,0.0,0.005038000177592039,3405707998,44.70
3735928559,254,0.0,0.0,0.0,0.0,0.0,0.0,0.0,0.0,0.005038000177592039,3405707998,44.88
3735928559,254,0.0,0.0,0.0,0.0,0.0,0.0,0.0,0.0,0.005038999952375889,3405707998,45.01
3735928559,254,0.0,0.0,0.0,0.0,0.0,0.0,0.0,0.0,0.005038000177592039,3405707998,45.30
3735928559,254,0.0,0.0,0.0,0.0,0.0,0.0,0.0,0.0,0.005038000177592039,3405707998,45.44
3735928559,254,0.0,0.0,0.0,0.0,0.0,0.0,0.0,0.0,0.005038999952375889,3405707998,45.61
3735928559,254,0.0,0.0,0.0,0.0,0.0,0.0,0.0,0.0,0.005038000177592039,3405707998,45.73
3735928559,254,0.0,0.0,0.0,0.0,0.0,0.0,0.0,0.0,0.005038000177592039,3405707998,46.22
3735928559,254,0.0,0.0,0.0,0.0,0.0,0.0,0.0,0.0,0.005038000177592039,3405707998,46.35
3735928559,254,0.0,0.0,0.0,0.0,0.0,0.0,0.0,0.0,0.005038999952375889,3405707998,46.54
3735928559,254,0.0,0.0,0.0,0.0,0.0,0.0,0.0,0.0,0.005038000177592039,3405707998,46.66
3735928559,254,0.0,0.0,0.0,0.0,0.0,0.0,0.0,0.0,0.005038000177592039,3405707998,46.78
3735928559,254,0.0,0.0,0.0,0.0,0.0,0.0,0.0,0.0,0.005038000177592039,3405707998,46.96
3735928559,254,0.0,0.0,0.0,0.0,0.0,0.0,0.0,0.0,0.005038000177592039,3405707998,47.14
3735928559,254,0.0,0.0,0.0,0.0,0.0,0.0,0.0,0.0,0.005038000177592039,3405707998,47.26
3735928559,254,0.0,0.0,0.0,0.0,0.0,0.0,0.0,0.0,0.005038999952375889,3405707998,47.45
3735928559,254,0.0,0.0,0.0,0.0,0.0,0.0,0.0,0.0,0.005038000177592039,3405707998,47.56
3735928559,254,0.0,0.0,0.0,0.0,0.0,0.0,0.0,0.0,0.005038999952375889,3405707998,47.75
3735928559,254,0.0,0.0,0.0,0.0,0.0,0.0,0.0,0.0,0.005038000177592039,3405707998,47.88
3735928559,254,0.0,0.0,0.0,0.0,0.0,0.0,0.0,0.0,0.005038000177592039,3405707998,48.94
3735928559,254,0.0,0.0,0.0,0.0,0.0,0.0,0.0,0.0,0.005038999952375889,3405707998,49.24
3735928559,254,0.0,0.0,0.0,0.0,0.0,0.0,0.0,0.0,0.005038000177592039,3405707998,49.37
3735928559,254,0.0,0.0,0.0,0.0,0.0,0.0,0.0,0.0,0.005038999952375889,3405707998,49.55
3735928559,254,0.0,0.0,0.0,0.0,0.0,0.0,0.0,0.0,0.005038000177592039,3405707998,49.68
3735928559,254,0.0,0.0,0.0,0.0,0.0,0.0,0.0,0.0,0.005038999952375889,3405707998,49.81
3735928559,254,0.0,0.0,0.0,0.0,0.0,0.0,0.0,0.0,0.005038000177592039,3405707998,50.00
3735928559,254,0.0,0.0,0.0,0.0,0.0,0.0,0.0,0.0,0.005038000177592039,3405707998,50.13
3735928559,254,0.0,0.0,0.0,0.0,0.0,0.0,0.0,0.0,0.005038000177592039,3405707998,50.27
3735928559,254,0.0,0.0,0.0,0.0,0.0,0.0,0.0,0.0,0.005038999952375889,3405707998,50.45
3735928559,254,0.0,0.0,0.0,0.0,0.0,0.0,0.0,0.0,0.005038000177592039,3405707998,50.57
3735928559,254,0.0,0.0,0.0,0.0,0.0,0.0,0.0,0.0,0.005038999952375889,3405707998,51.02
3735928559,254,0.0,0.0,0.0,0.0,0.0,0.0,0.0,0.0,0.005038000177592039,3405707998,51.20
3735928559,254,0.0,0.0,0.0,0.0,0.0,0.0,0.0,0.0,0.005038000177592039,3405707998,51.33
3735928559,254,0.0,0.0,0.0,0.0,0.0,0.0,0.0,0.0,0.005038000177592039,3405707998,51.50
3735928559,254,0.0,0.0,0.0,0.0,0.0,0.0,0.0,0.0,0.005038999952375889,3405707998,51.63
3735928559,254,0.0,0.0,0.0,0.0,0.0,0.0,0.0,0.0,0.005038000177592039,3405707998,51.82
3735928559,254,0.0,0.0,0.0,0.0,0.0,0.0,0.0,0.0,0.005038000177592039,3405707998,52.13
3735928559,254,0.0,0.0,0.0,0.0,0.0,0.0,0.0,0.0,0.005038000177592039,3405707998,52.26
3735928559,254,0.0,0.0,0.0,0.0,0.0,0.0,0.0,0.0,0.005038000177592039,3405707998,52.57
3735928559,254,0.0,0.0,0.0,0.0,0.0,0.0,0.0,0.0,0.005038000177592039,3405707998,52.69
3735928559,254,0.0,0.0,0.0,0.0,0.0,0.0,0.0,0.0,0.005038000177592039,3405707998,52.88
3735928559,254,0.0,0.0,0.0,0.0,0.0,0.0,0.0,0.0,0.005038000177592039,3405707998,53.01
3735928559,254,0.0,0.0,0.0,0.0,0.0,0.0,0.0,0.0,0.005038999952375889,3405707998,53.14
3735928559,254,0.0,0.0,0.0,0.0,0.0,0.0,0.0,0.0,0.005038000177592039,3405707998,53.32
3735928559,254,0.0,0.0,0.0,0.0,0.0,0.0,0.0,0.0,0.005038000177592039,3405707998,53.63
3735928559,254,0.0,0.0,0.0,0.0,0.0,0.0,0.0,0.0,0.005038999952375889,3405707998,53.75
3735928559,254,0.0,0.0,0.0,0.0,0.0,0.0,0.0,0.0,0.005038000177592039,3405707998,54.20
3735928559,254,0.0,0.0,0.0,0.0,0.0,0.0,0.0,0.0,0.005038000177592039,3405707998,54.51
3735928559,254,0.0,0.0,0.0,0.0,0.0,0.0,0.0,0.0,0.005038000177592039,3405707998,54.70
3735928559,254,0.0,0.0,0.0,0.0,0.0,0.0,0.0,0.0,0.005038000177592039,3405707998,55.15
3735928559,254,0.0,0.0,0.0,0.0,0.0,0.0,0.0,0.0,0.005038999952375889,3405707998,55.27
3735928559,254,0.0,0.0,0.0,0.0,0.0,0.0,0.0,0.0,0.005038000177592039,3405707998,55.46
3735928559,254,0.0,0.0,0.0,0.0,0.0,0.0,0.0,0.0,0.005038999952375889,3405707998,55.58
3735928559,254,0.0,0.0,0.0,0.0,0.0,0.0,0.0,0.0,0.005038999952375889,3405707998,55.88
3735928559,254,0.0,0.0,0.0,0.0,0.0,0.0,0.0,0.0,0.005038000177592039,3405707998,56.01
3735928559,254,0.0,0.0,0.0,0.0,0.0,0.0,0.0,0.0,0.005038999952375889,3405707998,56.18
3735928559,254,0.0,0.0,0.0,0.0,0.0,0.0,0.0,0.0,0.005038000177592039,3405707998,56.37
3735928559,254,0.0,0.0,0.0,0.0,0.0,0.0,0.0,0.0,0.005038999952375889,3405707998,56.49
3735928559,254,0.0,0.0,0.0,0.0,0.0,0.0,0.0,0.0,0.005038000177592039,3405707998,56.62
3735928559,254,0.0,0.0,0.0,0.0,0.0,0.0,0.0,0.0,0.005038999952375889,3405707998,56.81
3735928559,254,0.0,0.0,0.0,0.0,0.0,0.0,0.0,0.0,0.005038000177592039,3405707998,56.93
3735928559,254,0.0,0.0,0.0,0.0,0.0,0.0,0.0,0.0,0.005038000177592039,3405707998,57.24
3735928559,254,0.0,0.0,0.0,0.0,0.0,0.0,0.0,0.0,0.005038999952375889,3405707998,57.38
3735928559,254,0.0,0.0,0.0,0.0,0.0,0.0,0.0,0.0,0.005038000177592039,3405707998,57.55
3735928559,254,0.0,0.0,0.0,0.0,0.0,0.0,0.0,0.0,0.005038999952375889,3405707998,57.67
3735928559,254,0.0,0.0,0.0,0.0,0.0,0.0,0.0,0.0,0.005038000177592039,3405707998,57.86
3735928559,254,0.0,0.0,0.0,0.0,0.0,0.0,0.0,0.0,0.005038999952375889,3405707998,57.97
3735928559,254,0.0,0.0,0.0,0.0,0.0,0.0,0.0,0.0,0.005038000177592039,3405707998,58.17
3735928559,254,0.0,0.0,0.0,0.0,0.0,0.0,0.0,0.0,0.005038000177592039,3405707998,58.29
3735928559,254,0.0,0.0,0.0,0.0,0.0,0.0,0.0,0.0,0.005038000177592039,3405707998,58.47
3735928559,254,0.0,0.0,0.0,0.0,0.0,0.0,0.0,0.0,0.005038000177592039,3405707998,58.60
3735928559,254,0.0,0.0,0.0,0.0,0.0,0.0,0.0,0.0,0.005038000177592039,3405707998,58.74
3735928559,254,0.0,0.0,0.0,0.0,0.0,0.0,0.0,0.0,0.005038999952375889,3405707998,58.92
3735928559,254,0.0,0.0,0.0,0.0,0.0,0.0,0.0,0.0,0.005038000177592039,3405707998,59.04
3735928559,254,0.0,0.0,0.0,0.0,0.0,0.0,0.0,0.0,0.005038000177592039,3405707998,59.23
3735928559,254,0.0,0.0,0.0,0.0,0.0,0.0,0.0,0.0,0.005038000177592039,3405707998,59.35
3735928559,254,0.0,0.0,0.0,0.0,0.0,0.0,0.0,0.0,0.005038000177592039,3405707998,59.53
3735928559,254,0.0,0.0,0.0,0.0,0.0,0.0,0.0,0.0,0.005038000177592039,3405707998,59.65
3735928559,254,0.0,0.0,0.0,0.0,0.0,0.0,0.0,0.0,0.005038999952375889,3405707998,59.84
3735928559,254,0.0,0.0,0.0,0.0,0.0,0.0,0.0,0.0,0.005038000177592039,3405707998,59.97
3735928559,254,0.0,0.0,0.0,0.0,0.0,0.0,0.0,0.0,0.005038999952375889,3405707998,60.10
3735928559,254,0.0,0.0,0.0,0.0,0.0,0.0,0.0,0.0,0.005038000177592039,3405707998,60.27
3735928559,254,0.0,0.0,0.0,0.0,0.0,0.0,0.0,0.0,0.005038999952375889,3405707998,60.44
3735928559,254,0.0,0.0,0.0,0.0,0.0,0.0,0.0,0.0,0.005038000177592039,3405707998,60.57
3735928559,254,0.0,0.0,0.0,0.0,0.0,0.0,0.0,0.0,0.005038000177592039,3405707998,60.69
3735928559,254,0.0,0.0,0.0,0.0,0.0,0.0,0.0,0.0,0.005038000177592039,3405707998,60.88
3735928559,254,0.0,0.0,0.0,0.0,0.0,0.0,0.0,0.0,0.005038000177592039,3405707998,61.01
3735928559,254,0.0,0.0,0.0,0.0,0.0,0.0,0.0,0.0,0.005038000177592039,3405707998,61.15
3735928559,254,0.0,0.0,0.0,0.0,0.0,0.0,0.0,0.0,0.005038999952375889,3405707998,61.33
3735928559,254,0.0,0.0,0.0,0.0,0.0,0.0,0.0,0.0,0.005038000177592039,3405707998,61.46
3735928559,254,0.0,0.0,0.0,0.0,0.0,0.0,0.0,0.0,0.005038000177592039,3405707998,61.64
3735928559,254,0.0,0.0,0.0,0.0,0.0,0.0,0.0,0.0,0.005038000177592039,3405707998,61.76
3735928559,254,0.0,0.0,0.0,0.0,0.0,0.0,0.0,0.0,0.005038000177592039,3405707998,61.95
3735928559,254,0.0,0.0,0.0,0.0,0.0,0.0,0.0,0.0,0.005038000177592039,3405707998,62.08
3735928559,254,0.0,0.0,0.0,0.0,0.0,0.0,0.0,0.0,0.005038000177592039,3405707998,62.21
3735928559,254,0.0,0.0,0.0,0.0,0.0,0.0,0.0,0.0,0.005038000177592039,3405707998,62.38
3735928559,254,0.0,0.0,0.0,0.0,0.0,0.0,0.0,0.0,0.005038999952375889,3405707998,62.51
3735928559,254,0.0,0.0,0.0,0.0,0.0,0.0,0.0,0.0,0.005038000177592039,3405707998,62.71
3735928559,254,0.0,0.0,0.0,0.0,0.0,0.0,0.0,0.0,0.005038999952375889,3405707998,62.84
3735928559,254,0.0,0.0,0.0,0.0,0.0,0.0,0.0,0.0,0.005038000177592039,3405707998,63.02
3735928559,254,0.0,0.0,0.0,0.0,0.0,0.0,0.0,0.0,0.005038000177592039,3405707998,64.39
3735928559,254,0.0,0.0,0.0,0.0,0.0,0.0,0.0,0.0,0.005038000177592039,3405707998,64.52
3735928559,254,0.0,0.0,0.0,0.0,0.0,0.0,0.0,0.0,0.005038000177592039,3405707998,64.83
3735928559,254,0.0,0.0,0.0,0.0,0.0,0.0,0.0,0.0,0.005038000177592039,3405707998,64.95
3735928559,254,0.0,0.0,0.0,0.0,0.0,0.0,0.0,0.0,0.005038000177592039,3405707998,65.08
3735928559,254,0.0,0.0,0.0,0.0,0.0,0.0,0.0,0.0,0.005038000177592039,3405707998,65.39
3735928559,254,0.0,0.0,0.0,0.0,0.0,0.0,0.0,0.0,0.005038000177592039,3405707998,65.57
3735928559,254,0.0,0.0,0.0,0.0,0.0,0.0,0.0,0.0,0.005038000177592039,3405707998,65.69
3735928559,254,0.0,0.0,0.0,0.0,0.0,0.0,0.0,0.0,0.005038000177592039,3405707998,66.32
3735928559,254,0.0,0.0,0.0,0.0,0.0,0.0,0.0,0.0,0.005038999952375889,3405707998,66.44
3735928559,254,0.0,0.0,0.0,0.0,0.0,0.0,0.0,0.0,0.005038000177592039,3405707998,66.62
3735928559,254,0.0,0.0,0.0,0.0,0.0,0.0,0.0,0.0,0.005038000177592039,3405707998,66.75
3735928559,254,0.0,0.0,0.0,0.0,0.0,0.0,0.0,0.0,0.005038000177592039,3405707998,66.92
3735928559,254,0.0,0.0,0.0,0.0,0.0,0.0,0.0,0.0,0.005038999952375889,3405707998,67.10
3735928559,254,0.0,0.0,0.0,0.0,0.0,0.0,0.0,0.0,0.005038000177592039,3405707998,67.23
3735928559,254,0.0,0.0,0.0,0.0,0.0,0.0,0.0,0.0,0.005038999952375889,3405707998,67.35
3735928559,254,0.0,0.0,0.0,0.0,0.0,0.0,0.0,0.0,0.005038000177592039,3405707998,67.54
3735928559,254,0.0,0.0,0.0,0.0,0.0,0.0,0.0,0.0,0.005038000177592039,3405707998,67.67
3735928559,254,0.0,0.0,0.0,0.0,0.0,0.0,0.0,0.0,0.005038000177592039,3405707998,67.85
3735928559,254,0.0,0.0,0.0,0.0,0.0,0.0,0.0,0.0,0.005038000177592039,3405707998,67.98
3735928559,254,0.0,0.0,0.0,0.0,0.0,0.0,0.0,0.0,0.005038000177592039,3405707998,68.12
3735928559,254,0.0,0.0,0.0,0.0,0.0,0.0,0.0,0.0,0.005038999952375889,3405707998,68.30
3735928559,254,0.0,0.0,0.0,0.0,0.0,0.0,0.0,0.0,0.005038000177592039,3405707998,68.42
3735928559,254,0.0,0.0,0.0,0.0,0.0,0.0,0.0,0.0,0.005038000177592039,3405707998,68.61
3735928559,254,0.0,0.0,0.0,0.0,0.0,0.0,0.0,0.0,0.005038000177592039,3405707998,68.74
3735928559,254,0.0,0.0,0.0,0.0,0.0,0.0,0.0,0.0,0.005038000177592039,3405707998,68.86
3735928559,254,0.0,0.0,0.0,0.0,0.0,0.0,0.0,0.0,0.005038000177592039,3405707998,69.05
3735928559,254,0.0,0.0,0.0,0.0,0.0,0.0,0.0,0.0,0.005038000177592039,3405707998,69.18
3735928559,254,0.0,0.0,0.0,0.0,0.0,0.0,0.0,0.0,0.005038000177592039,3405707998,69.62
3735928559,254,0.0,0.0,0.0,0.0,0.0,0.0,0.0,0.0,0.005038999952375889,3405707998,70.13
3735928559,254,0.0,0.0,0.0,0.0,0.0,0.0,0.0,0.0,0.005038000177592039,3405707998,70.25
3735928559,254,0.0,0.0,0.0,0.0,0.0,0.0,0.0,0.0,0.005038000177592039,3405707998,70.38
3735928559,254,0.0,0.0,0.0,0.0,0.0,0.0,0.0,0.0,0.005038000177592039,3405707998,70.58
3735928559,254,0.0,0.0,0.0,0.0,0.0,0.0,0.0,0.0,0.005038999952375889,3405707998,70.69
3735928559,254,0.0,0.0,0.0,0.0,0.0,0.0,0.0,0.0,0.005038000177592039,3405707998,70.82
3735928559,254,0.0,0.0,0.0,0.0,0.0,0.0,0.0,0.0,0.005038000177592039,3405707998,71.01
3735928559,254,0.0,0.0,0.0,0.0,0.0,0.0,0.0,0.0,0.005038000177592039,3405707998,71.14
3735928559,254,0.0,0.0,0.0,0.0,0.0,0.0,0.0,0.0,0.005038999952375889,3405707998,71.64
3735928559,254,0.0,0.0,0.0,0.0,0.0,0.0,0.0,0.0,0.005038000177592039,3405707998,71.93
3735928559,254,0.0,0.0,0.0,0.0,0.0,0.0,0.0,0.0,0.005038000177592039,3405707998,72.05
3735928559,254,0.0,0.0,0.0,0.0,0.0,0.0,0.0,0.0,0.005038000177592039,3405707998,72.24
3735928559,254,0.0,0.0,0.0,0.0,0.0,0.0,0.0,0.0,0.005038000177592039,3405707998,72.37
3735928559,254,0.0,0.0,0.0,0.0,0.0,0.0,0.0,0.0,0.005038999952375889,3405707998,72.50
3735928559,254,0.0,0.0,0.0,0.0,0.0,0.0,0.0,0.0,0.005038000177592039,3405707998,72.69
3735928559,254,0.0,0.0,0.0,0.0,0.0,0.0,0.0,0.0,0.005038000177592039,3405707998,72.82
3735928559,254,0.0,0.0,0.0,0.0,0.0,0.0,0.0,0.0,0.005038000177592039,3405707998,72.95
3735928559,254,0.0,0.0,0.0,0.0,0.0,0.0,0.0,0.0,0.005038000177592039,3405707998,73.13
3735928559,254,0.0,0.0,0.0,0.0,0.0,0.0,0.0,0.0,0.005038000177592039,3405707998,73.25
3735928559,254,0.0,0.0,0.0,0.0,0.0,0.0,0.0,0.0,0.005038000177592039,3405707998,73.44
3735928559,254,0.0,0.0,0.0,0.0,0.0,0.0,0.0,0.0,0.005038000177592039,3405707998,73.57
3735928559,254,0.0,0.0,0.0,0.0,0.0,0.0,0.0,0.0,0.005038000177592039,3405707998,73.70
3735928559,254,0.0,0.0,0.0,0.0,0.0,0.0,0.0,0.0,0.005038000177592039,3405707998,73.89
3735928559,254,0.0,0.0,0.0,0.0,0.0,0.0,0.0,0.0,0.005038999952375889,3405707998,74.01
3735928559,254,0.0,0.0,0.0,0.0,0.0,0.0,0.0,0.0,0.005038000177592039,3405707998,74.20
3735928559,254,0.0,0.0,0.0,0.0,0.0,0.0,0.0,0.0,0.005038000177592039,3405707998,74.33
3735928559,254,0.0,0.0,0.0,0.0,0.0,0.0,0.0,0.0,0.005038000177592039,3405707998,74.46
3735928559,254,0.0,0.0,0.0,0.0,0.0,0.0,0.0,0.0,0.005038000177592039,3405707998,74.65
3735928559,254,0.0,0.0,0.0,0.0,0.0,0.0,0.0,0.0,0.005038000177592039,3405707998,74.76
3735928559,254,0.0,0.0,0.0,0.0,0.0,0.0,0.0,0.0,0.005038000177592039,3405707998,74.95
3735928559,254,0.0,0.0,0.0,0.0,0.0,0.0,0.0,0.0,0.005038000177592039,3405707998,75.06
3735928559,254,0.0,0.0,0.0,0.0,0.0,0.0,0.0,0.0,0.005038999952375889,3405707998,75.25
3735928559,254,0.0,0.0,0.0,0.0,0.0,0.0,0.0,0.0,0.005038000177592039,3405707998,75.37
3735928559,254,0.0,0.0,0.0,0.0,0.0,0.0,0.0,0.0,0.005038000177592039,3405707998,75.57
3735928559,254,0.0,0.0,0.0,0.0,0.0,0.0,0.0,0.0,0.005038000177592039,3405707998,75.69
3735928559,254,0.0,0.0,0.0,0.0,0.0,0.0,0.0,0.0,0.005038999952375889,3405707998,75.82
3735928559,254,0.0,0.0,0.0,0.0,0.0,0.0,0.0,0.0,0.005038000177592039,3405707998,76.00
3735928559,254,0.0,0.0,0.0,0.0,0.0,0.0,0.0,0.0,0.005038000177592039,3405707998,76.13
3735928559,254,0.0,0.0,0.0,0.0,0.0,0.0,0.0,0.0,0.005038000177592039,3405707998,76.32
3735928559,254,0.0,0.0,0.0,0.0,0.0,0.0,0.0,0.0,0.005038999952375889,3405707998,76.44
3735928559,254,0.0,0.0,0.0,0.0,0.0,0.0,0.0,0.0,0.005038000177592039,3405707998,76.57
3735928559,254,0.0,0.0,0.0,0.0,0.0,0.0,0.0,0.0,0.005038000177592039,3405707998,76.76
3735928559,254,0.0,0.0,0.0,0.0,0.0,0.0,0.0,0.0,0.005038000177592039,3405707998,76.89
3735928559,254,0.0,0.0,0.0,0.0,0.0,0.0,0.0,0.0,0.005038000177592039,3405707998,77.02
3735928559,254,0.0,0.0,0.0,0.0,0.0,0.0,0.0,0.0,0.005038000177592039,3405707998,77.20
3735928559,254,0.0,0.0,0.0,0.0,0.0,0.0,0.0,0.0,0.005038999952375889,3405707998,77.32
3735928559,254,0.0,0.0,0.0,0.0,0.0,0.0,0.0,0.0,0.005038000177592039,3405707998,77.52
3735928559,254,0.0,0.0,0.0,0.0,0.0,0.0,0.0,0.0,0.005038999952375889,3405707998,77.64
3735928559,254,0.0,0.0,0.0,0.0,0.0,0.0,0.0,0.0,0.005038000177592039,3405707998,77.83
3735928559,254,0.0,0.0,0.0,0.0,0.0,0.0,0.0,0.0,0.005038000177592039,3405707998,77.96
3735928559,254,0.0,0.0,0.0,0.0,0.0,0.0,0.0,0.0,0.005038000177592039,3405707998,78.08
3735928559,254,0.0,0.0,0.0,0.0,0.0,0.0,0.0,0.0,0.005038000177592039,3405707998,78.25
3735928559,254,0.0,0.0,0.0,0.0,0.0,0.0,0.0,0.0,0.005038000177592039,3405707998,78.39
3735928559,254,0.0,0.0,0.0,0.0,0.0,0.0,0.0,0.0,0.005038000177592039,3405707998,78.56
3735928559,254,0.0,0.0,0.0,0.0,0.0,0.0,0.0,0.0,0.005038000177592039,3405707998,78.69
3735928559,254,0.0,0.0,0.0,0.0,0.0,0.0,0.0,0.0,0.005038000177592039,3405707998,78.88
3735928559,254,0.0,0.0,0.0,0.0,0.0,0.0,0.0,0.0,0.005038000177592039,3405707998,79.00
3735928559,254,0.0,0.0,0.0,0.0,0.0,0.0,0.0,0.0,0.005038000177592039,3405707998,79.19
3735928559,254,0.0,0.0,0.0,0.0,0.0,0.0,0.0,0.0,0.005038000177592039,3405707998,79.62
3735928559,254,0.0,0.0,0.0,0.0,0.0,0.0,0.0,0.0,0.005038999952375889,3405707998,79.79
3735928559,254,0.0,0.0,0.0,0.0,0.0,0.0,0.0,0.0,0.005038000177592039,3405707998,79.92
3735928559,254,0.0,0.0,0.0,0.0,0.0,0.0,0.0,0.0,0.005038999952375889,3405707998,80.04
3735928559,254,0.0,0.0,0.0,0.0,0.0,0.0,0.0,0.0,0.005038000177592039,3405707998,80.23
3735928559,254,0.0,0.0,0.0,0.0,0.0,0.0,0.0,0.0,0.005038999952375889,3405707998,80.35
3735928559,254,0.0,0.0,0.0,0.0,0.0,0.0,0.0,0.0,0.005038000177592039,3405707998,80.54
3735928559,254,0.0,0.0,0.0,0.0,0.0,0.0,0.0,0.0,0.005038000177592039,3405707998,80.85
3735928559,254,0.0,0.0,0.0,0.0,0.0,0.0,0.0,0.0,0.005038000177592039,3405707998,80.97
3735928559,254,0.0,0.0,0.0,0.0,0.0,0.0,0.0,0.0,0.005038000177592039,3405707998,81.11
3735928559,254,0.0,0.0,0.0,0.0,0.0,0.0,0.0,0.0,0.005038999952375889,3405707998,81.30
3735928559,254,0.0,0.0,0.0,0.0,0.0,0.0,0.0,0.0,0.005038000177592039,3405707998,81.42
3735928559,254,0.0,0.0,0.0,0.0,0.0,0.0,0.0,0.0,0.005038999952375889,3405707998,81.60
3735928559,254,0.0,0.0,0.0,0.0,0.0,0.0,0.0,0.0,0.005038000177592039,3405707998,81.73
3735928559,254,0.0,0.0,0.0,0.0,0.0,0.0,0.0,0.0,0.005038000177592039,3405707998,81.90
3735928559,254,0.0,0.0,0.0,0.0,0.0,0.0,0.0,0.0,0.005038000177592039,3405707998,82.03
3735928559,254,0.0,0.0,0.0,0.0,0.0,0.0,0.0,0.0,0.005038000177592039,3405707998,82.21
3735928559,254,0.0,0.0,0.0,0.0,0.0,0.0,0.0,0.0,0.005038000177592039,3405707998,82.34
3735928559,254,0.0,0.0,0.0,0.0,0.0,0.0,0.0,0.0,0.005038999952375889,3405707998,82.46
3735928559,254,0.0,0.0,0.0,0.0,0.0,0.0,0.0,0.0,0.005038000177592039,3405707998,82.64
3735928559,254,0.0,0.0,0.0,0.0,0.0,0.0,0.0,0.0,0.005038999952375889,3405707998,82.78
3735928559,254,0.0,0.0,0.0,0.0,0.0,0.0,0.0,0.0,0.005038000177592039,3405707998,82.96
3735928559,254,0.0,0.0,0.0,0.0,0.0,0.0,0.0,0.0,0.005038999952375889,3405707998,83.08
3735928559,254,0.0,0.0,0.0,0.0,0.0,0.0,0.0,0.0,0.005038000177592039,3405707998,83.26
3735928559,254,0.0,0.0,0.0,0.0,0.0,0.0,0.0,0.0,0.005038999952375889,3405707998,83.39
3735928559,254,0.0,0.0,0.0,0.0,0.0,0.0,0.0,0.0,0.005038999952375889,3405707998,83.53
3735928559,254,0.0,0.0,0.0,0.0,0.0,0.0,0.0,0.0,0.005038999952375889,3405707998,83.71
3735928559,254,0.0,0.0,0.0,0.0,0.0,0.0,0.0,0.0,0.005038000177592039,3405707998,83.84
3735928559,254,0.0,0.0,0.0,0.0,0.0,0.0,0.0,0.0,0.005038999952375889,3405707998,83.97
3735928559,254,0.0,0.0,0.0,0.0,0.0,0.0,0.0,0.0,0.005038000177592039,3405707998,84.14
3735928559,254,0.0,0.0,0.0,0.0,0.0,0.0,0.0,0.0,0.005038000177592039,3405707998,84.32
3735928559,254,0.0,0.0,0.0,0.0,0.0,0.0,0.0,0.0,0.005038000177592039,3405707998,84.44
3735928559,254,0.0,0.0,0.0,0.0,0.0,0.0,0.0,0.0,0.005038999952375889,3405707998,84.58
3735928559,254,0.0,0.0,0.0,0.0,0.0,0.0,0.0,0.0,0.005038000177592039,3405707998,84.76
3735928559,254,0.0,0.0,0.0,0.0,0.0,0.0,0.0,0.0,0.005038000177592039,3405707998,84.89
3735928559,254,0.0,0.0,0.0,0.0,0.0,0.0,0.0,0.0,0.005038000177592039,3405707998,85.06
3735928559,254,0.0,0.0,0.0,0.0,0.0,0.0,0.0,0.0,0.005038999952375889,3405707998,85.19
3735928559,254,0.0,0.0,0.0,0.0,0.0,0.0,0.0,0.0,0.005038000177592039,3405707998,85.36
3735928559,254,0.0,0.0,0.0,0.0,0.0,0.0,0.0,0.0,0.005038000177592039,3405707998,85.49
3735928559,254,0.0,0.0,0.0,0.0,0.0,0.0,0.0,0.0,0.005038000177592039,3405707998,85.68
3735928559,254,0.0,0.0,0.0,0.0,0.0,0.0,0.0,0.0,0.005038999952375889,3405707998,85.80
3735928559,254,0.0,0.0,0.0,0.0,0.0,0.0,0.0,0.0,0.005038000177592039,3405707998,85.94
3735928559,254,0.0,0.0,0.0,0.0,0.0,0.0,0.0,0.0,0.005038999952375889,3405707998,86.12
3735928559,254,0.0,0.0,0.0,0.0,0.0,0.0,0.0,0.0,0.005038000177592039,3405707998,86.25
3735928559,254,0.0,0.0,0.0,0.0,0.0,0.0,0.0,0.0,0.005038000177592039,3405707998,86.44
3735928559,254,0.0,0.0,0.0,0.0,0.0,0.0,0.0,0.0,0.005038000177592039,3405707998,86.57
3735928559,254,0.0,0.0,0.0,0.0,0.0,0.0,0.0,0.0,0.005038000177592039,3405707998,86.70
3735928559,254,0.0,0.0,0.0,0.0,0.0,0.0,0.0,0.0,0.005038000177592039,3405707998,86.88
3735928559,254,0.0,0.0,0.0,0.0,0.0,0.0,0.0,0.0,0.005038999952375889,3405707998,87.00
3735928559,254,0.0,0.0,0.0,0.0,0.0,0.0,0.0,0.0,0.005038000177592039,3405707998,87.19
3735928559,254,0.0,0.0,0.0,0.0,0.0,0.0,0.0,0.0,0.005038999952375889,3405707998,87.31
3735928559,254,0.0,0.0,0.0,0.0,0.0,0.0,0.0,0.0,0.005038000177592039,3405707998,87.51
3735928559,254,0.0,0.0,0.0,0.0,0.0,0.0,0.0,0.0,0.005038999952375889,3405707998,87.64
3735928559,255,0.0,0.0,0.0,0.0,0.0,0.0,0.0,0.0,0.005038999952375889,3405707998,87.76
3735928559,0,0.00787500012665987,0.01889999955892563,2.9218376766948495e-06,0.05095220357179642,-0.01894613355398178,0.036780741065740585,0.0,0.0,0.005038999952375889,3405707998,87.76
3735928559,0,0.20077863335609436,0.22599047422409058,-0.0028801707085222006,0.17018598318099976,-0.06386258453130722,0.13815176486968994,0.0,0.0,0.005040000192821026,3405707998,87.95
3735928559,0,0.4740513563156128,0.5685048699378967,0.0028017666190862656,0.2883402705192566,-0.1085197851061821,0.2409452348947525,0.0,0.0,0.005040000192821026,3405707998,88.08
3735928559,0,0.5915698409080505,1.145644187927246,0.018225064501166344,0.4062502682209015,-0.15549199283123016,0.34201329946517944,0.0,0.0,0.005038999952375889,3405707998,88.21
3735928559,0,0.6033577919006348,1.2582606077194214,0.011228300631046295,0.5277853012084961,-0.20364603400230408,0.44220170378685,0.0,0.0,0.005040000192821026,3405707998,88.39
3735928559,0,0.3925555646419525,0.8584515452384949,-0.016385506838560104,0.651469886302948,-0.2531919777393341,0.5408065319061279,0.0,0.0,0.005040000192821026,3405707998,88.51
3735928559,0,0.0348399356007576,0.18529996275901794,-0.03957316651940346,0.7768543362617493,-0.3033501207828522,0.6403344869613647,0.0,0.0,0.005038999952375889,3405707998,88.68
3735928559,0,-0.41398054361343384,-0.6266159415245056,-0.0632367879152298,0.9022768139839172,-0.3530203104019165,0.7398887872695923,0.0,0.0,0.005038999952375889,3405707998,88.86
3735928559,0,-0.805994987487793,-1.568532943725586,-0.07043426483869553,1.0263081789016724,-0.4041104018688202,0.8407076597213745,0.0,0.0,0.005040000192821026,3405707998,88.98
3735928559,0,-1.2360591888427734,-2.679809808731079,-0.06590356677770615,1.151119589805603,-0.45527806878089905,0.9401574730873108,0.0,0.0,0.005038999952375889,3405707998,89.16
3735928559,0,-1.6391962766647339,-4.10687780380249,-0.021619372069835663,1.2744652032852173,-0.5074048638343811,1.0427541732788086,0.0,0.0,0.005040000192821026,3405707998,89.27
3735928559,0,-1.8394527435302734,-5.159945964813232,0.008152373135089874,1.3907442092895508,-0.5576921701431274,1.1506211757659912,0.0,0.0,0.005040000192821026,3405707998,89.46
3735928559,0,-1.7150936126708984,-5.7883524894714355,0.011245799250900745,1.5049124956130981,-0.605911135673523,1.2572426795959473,0.0,0.0,0.005038999952375889,3405707998,89.58
3735928559,0,-1.482344388961792,-6.017582893371582,-0.01740371063351631,1.6148093938827515,-0.6549954414367676,1.363999366760254,0.0,0.0,0.005038999952375889,3405707998,89.77
3735928559,0,-1.2974492311477661,-6.006894111633301,-0.03245371952652931,1.7201573848724365,-0.7046774625778198,1.4730724096298218,0.0,0.0,0.005040000192821026,3405707998,89.90
3735928559,0,-1.0633562803268433,-5.507645130157471,-0.07642814517021179,1.8219259977340698,-0.7526934742927551,1.5819272994995117,0.0,0.0,0.005040000192821026,3405707998,90.03
3735928559,0,-0.6122776865959167,-4.768337726593018,-0.13617664575576782,1.9252240657806396,-0.7950602769851685,1.690489649772644,0.0,0.0,0.005038999952375889,3405707998,90.21
3735928559,0,0.36592942476272583,-3.7923080921173096,-0.20895542204380035,2.0257675647735596,-0.8365885615348816,1.7988393306732178,0.0,0.0,0.005038999952375889,3405707998,90.33
3735928559,0,1.4453657865524292,-2.648491621017456,-0.23728027939796448,2.1282689571380615,-0.8798856139183044,1.9044148921966553,0.0,0.0,0.005038999952375889,3405707998,90.52
3735928559,0,2.536375045776367,-1.4963674545288086,-0.24074356257915497,2.2325809001922607,-0.9258788228034973,2.0087742805480957,0.0,0.0,0.005038999952375889,3405707998,90.65
3735928559,0,3.5045299530029297,-0.40787363052368164,-0.2159281224012375,2.3387677669525146,-0.9733994007110596,2.1128358840942383,0.0,0.0,0.005038999952375889,3405707998,90.82
3735928559,0,4.3533034324646,0.45387527346611023,-0.17956189811229706,2.4489216804504395,-1.023959994316101,2.2149744033813477,0.0,0.0,0.005040000192821026,3405707998,90.94
3735928559,0,5.112309455871582,1.1794103384017944,-0.12227603048086166,2.5582404136657715,-1.0756640434265137,2.3199214935302734,0.0,0.0,0.005040000192821026,3405707998,91.12
3735928559,0,5.892181396484375,1.7455095052719116,-0.08201752603054047,2.6728248596191406,-1.127465844154358,2.420053482055664,0.0,0.0,0.005040000192821026,3405707998,91.24
3735928559,0,7.72194242477417,2.284062147140503,-0.0268983356654644,2.9020445346832275,-1.2337960004806519,2.628530263900757,0.0,0.0,0.005038999952375889,3405707998,91.55
3735928559,0,8.361617088317871,2.4102721214294434,-0.022854745388031006,3.016434907913208,-1.2961618900299072,2.730442762374878,0.0,0.0,0.005040000192821026,3405707998,91.74
3735928559,0,8.408885955810547,2.2438995838165283,-0.07063756883144379,3.1379363536834717,-1.3666636943817139,2.827359199523926,0.0,0.0,0.005038999952375889,3405707998,91.87
3735928559,0,5.305944919586182,0.2512790858745575,-0.3007012903690338,3.496735095977783,-1.5884509086608887,3.126784563064575,0.0,0.0,0.005040000192821026,3405707998,92.30
3735928559,0,3.5853426456451416,-0.559565544128418,-0.3417711853981018,3.6130752563476562,-1.6598258018493652,3.230700969696045,0.0,0.0,0.005038999952375889,3405707998,92.48
3735928559,0,1.9217529296875,-1.3280950784683228,-0.36093005537986755,3.7280049324035645,-1.7251439094543457,3.336221933364868,0.0,0.0,0.005040000192821026,3405707998,92.60
3735928559,0,0.5402258038520813,-1.916068196296692,-0.3719995617866516,3.8347959518432617,-1.7836252450942993,3.448725461959839,0.0,0.0,0.005038999952375889,3405707998,92.79
3735928559,0,-0.5008013844490051,-2.0546910762786865,-0.37348395586013794,3.936450958251953,-1.8406426906585693,3.562185525894165,0.0,0.0,0.005040000192821026,3405707998,92.91
3735928559,0,-1.3305130004882812,-1.9161837100982666,-0.3796834647655487,4.042444229125977,-1.8945612907409668,3.6670315265655518,0.0,0.0,0.005040000192821026,3405707998,93.05
3735928559,0,-1.7154427766799927,-1.9367661476135254,-0.38545462489128113,4.1545867919921875,-1.9437121152877808,3.767385721206665,0.0,0.0,0.0050409999676048756,3405707998,93.23
3735928559,0,-1.7174731492996216,-2.1111717224121094,-0.39155757427215576,4.256606101989746,-1.9933176040649414,3.87123966217041,0.0,0.0,0.005040000192821026,3405707998,93.35
3735928559,0,-1.576341986656189,-2.1144521236419678,-0.4003835618495941,4.354215145111084,-2.043433427810669,3.976627826690674,0.0,0.0,0.005040000192821026,3405707998,93.52
3735928559,0,-0.9177659749984741,-1.847280740737915,-0.43338820338249207,4.6719231605529785,-2.200845956802368,4.2821245193481445,0.0,0.0,0.005038999952375889,3405707998,93.96
3735928559,0,-0.9364123344421387,-1.853704571723938,-0.43874943256378174,4.777972221374512,-2.2526967525482178,4.384904861450195,0.0,0.0,0.005038999952375889,3405707998,94.16
3735928559,0,-0.8943117260932922,-1.8877485990524292,-0.4492974877357483,4.882513999938965,-2.3069543838500977,4.487103462219238,0.0,0.0,0.005038999952375889,3405707998,94.28
3735928559,0,-0.9034117460250854,-1.971388578414917,-0.4605714976787567,4.986059188842773,-2.3613030910491943,4.589297294616699,0.0,0.0,0.005040000192821026,3405707998,94.47
3735928559,0,-0.8249862194061279,-1.9416821002960205,-0.47324082255363464,5.0861005783081055,-2.410951614379883,4.696674346923828,0.0,0.0,0.005040000192821026,3405707998,94.60
3735928559,0,-0.5797196626663208,-1.9024485349655151,-0.4845958650112152,5.19259786605835,-2.4610908031463623,4.7990593910217285,0.0,0.0,0.005038999952375889,3405707998,94.72
3735928559,0,-0.22341133654117584,-1.8427112102508545,-0.4961046874523163,5.294454097747803,-2.5099058151245117,4.904571533203125,0.0,0.0,0.005038999952375889,3405707998,94.91
3735928559,0,0.15575942397117615,-1.7836034297943115,-0.5362725853919983,5.4943132400512695,-2.6220602989196777,5.104266166687012,0.0,0.0,0.005040000192821026,3405707998,95.21
3735928559,0,0.06874340772628784,-1.8174368143081665,-0.5505340695381165,5.598512172698975,-2.6789519786834717,5.207208156585693,0.0,0.0,0.005038999952375889,3405707998,95.34
3735928559,0,-0.38312140107154846,-2.109612464904785,-0.5756195783615112,5.903921604156494,-2.84684157371521,5.516842842102051,0.0,0.0,0.005040000192821026,3405707998,95.79
3735928559,0,-0.5210180282592773,-2.130241870880127,-0.5952189564704895,6.10496187210083,-2.9550538063049316,5.725176811218262,0.0,0.0,0.005038999952375889,3405707998,96.10
3735928559,0,-0.5780481100082397,-2.202009916305542,-0.608690619468689,6.498220443725586,-3.176260232925415,6.1367716789245605,0.0,0.0,0.005040000192821026,3405707998,96.73
3735928559,0,-0.583267092704773,-2.2264997959136963,-0.6130906343460083,6.593681812286377,-3.228412389755249,6.236263751983643,0.0,0.0,0.005040000192821026,3405707998,96.84
3735928559,0,-0.6219388842582703,-2.355625867843628,-0.6070277690887451,6.686751842498779,-3.283109664916992,6.340060710906982,0.0,0.0,0.005038999952375889,3405707998,97.03
3735928559,0,-0.6627115607261658,-2.413161277770996,-0.6143113970756531,6.781717777252197,-3.3371381759643555,6.445152282714844,0.0,0.0,0.005038999952375889,3405707998,97.16
3735928559,0,-0.6481751799583435,-2.4234976768493652,-0.6246012449264526,6.875936985015869,-3.3907065391540527,6.5510406494140625,0.0,0.0,0.005038999952375889,3405707998,97.33
3735928559,0,-0.6098595857620239,-2.374814033508301,-0.6362559199333191,6.9693732261657715,-3.4456191062927246,6.6565022468566895,0.0,0.0,0.005038999952375889,3405707998,97.46
3735928559,0,-0.5614380836486816,-2.379636764526367,-0.6439751386642456,7.065855503082275,-3.5038328170776367,6.756978511810303,0.0,0.0,0.005038999952375889,3405707998,97.64
3735928559,0,-0.5598158240318298,-2.34027361869812,-0.6468321681022644,7.158556938171387,-3.5611486434936523,6.860944747924805,0.0,0.0,0.005038999952375889,3405707998,97.77
3735928559,0,-0.5160968899726868,-2.3189241886138916,-0.6375468969345093,7.253237247467041,-3.615382194519043,6.965245246887207,0.0,0.0,0.005040000192821026,3405707998,97.96
3735928559,0,-0.34924957156181335,-2.333232879638672,-0.655510663986206,7.349203586578369,-3.6707189083099365,7.067193984985352,0.0,0.0,0.005040000192821026,3405707998,98.06
3735928559,0,-0.2389044463634491,-2.3096277713775635,-0.6563677787780762,7.444250106811523,-3.7327942848205566,7.165870189666748,0.0,0.0,0.005038999952375889,3405707998,98.25
3735928559,0,-0.22219054400920868,-2.4017703533172607,-0.6631034016609192,7.537782192230225,-3.7953124046325684,7.268263339996338,0.0,0.0,0.005040000192821026,3405707998,98.38
3735928559,0,-0.3397149443626404,-2.5002570152282715,-0.6728340983390808,7.634325981140137,-3.863015651702881,7.36621618270874,0.0,0.0,0.005038999952375889,3405707998,98.50
3735928559,0,-0.6550620198249817,-2.648374557495117,-0.6841796636581421,7.729935646057129,-3.932384967803955,7.466043472290039,0.0,0.0,0.005040000192821026,3405707998,98.69
3735928559,0,-1.1053119897842407,-2.8846781253814697,-0.6878108382225037,7.831745147705078,-4.002366542816162,7.560475826263428,0.0,0.0,0.005038999952375889,3405707998,98.82
3735928559,0,-1.6954675912857056,-3.275522470474243,-0.6927309036254883,7.931615829467773,-4.076679706573486,7.65692663192749,0.0,0.0,0.005040000192821026,3405707998,99.01
3735928559,0,-3.194974660873413,-4.335368633270264,-0.649951159954071,8.12656021118164,-4.213064193725586,7.855579376220703,0.0,0.0,0.005038999952375889,3405707998,99.32
3735928559,0,-5.5351481437683105,-5.565703868865967,-0.58311927318573,8.397932052612305,-4.3951568603515625,8.171452522277832,0.0,0.0,0.005040000192821026,3405707998,99.73
3735928559,0,-6.064340591430664,-5.82843017578125,-0.5641750693321228,8.485694885253906,-4.452834606170654,8.278348922729492,0.0,0.0,0.005040000192821026,3405707998,99.92
3735928559,0,-6.361255168914795,-6.020780086517334,-0.5432308316230774,8.572442054748535,-4.504255771636963,8.39071273803711,0.0,0.0,0.005038999952375889,3405707998,100.04
3735928559,0,-6.370408535003662,-6.033060550689697,-0.5651768445968628,8.659839630126953,-4.558077335357666,8.495195388793945,0.0,0.0,0.005040000192821026,3405707998,100.17
3735928559,0,-6.290886402130127,-6.109935760498047,-0.5706223249435425,8.749942779541016,-4.617397308349609,8.593610763549805,0.0,0.0,0.005038999952375889,3405707998,100.34
3735928559,0,-6.176271915435791,-6.2767252922058105,-0.5638089179992676,8.844152450561523,-4.675026893615723,8.691208839416504,0.0,0.0,0.005038999952375889,3405707998,100.51
3735928559,0,-5.890753269195557,-6.563134670257568,-0.5471740961074829,8.939316749572754,-4.727604389190674,8.789904594421387,0.0,0.0,0.005038999952375889,3405707998,100.63
3735928559,0,-5.388734340667725,-6.947675704956055,-0.5311011075973511,9.027994155883789,-4.7823638916015625,8.89707088470459,0.0,0.0,0.005040000192821026,3405707998,100.82
3735928559,0,-4.71007776260376,-7.175050258636475,-0.5445567965507507,9.105568885803223,-4.8352789878845215,9.014721870422363,0.0,0.0,0.005040000192821026,3405707998,100.94
3735928559,0,-3.9211504459381104,-7.1188154220581055,-0.5969530344009399,9.18388843536377,-4.8919997215271,9.1278657913208,0.0,0.0,0.005040000192821026,3405707998,101.12
3735928559,0,-3.133852005004883,-6.8281025886535645,-0.6513142585754395,9.259971618652344,-4.950903415679932,9.239419937133789,0.0,0.0,0.005040000192821026,3405707998,101.25
3735928559,0,-2.3414063453674316,-6.400067329406738,-0.698489248752594,9.346802711486816,-5.011898994445801,9.340949058532715,0.0,0.0,0.005040000192821026,3405707998,101.39
3735928559,0,-1.5314559936523438,-6.017414093017578,-0.7558251023292542,9.432538986206055,-5.083142280578613,9.443892478942871,0.0,0.0,0.005040000192821026,3405707998,101.57
3735928559,0,-0.8459705114364624,-5.647516250610352,-0.8063333630561829,9.515812873840332,-5.163233280181885,9.546300888061523,0.0,0.0,0.005040000192821026,3405707998,101.70
3735928559,0,-0.3802862763404846,-5.285789489746094,-0.8456355929374695,9.60636043548584,-5.244973182678223,9.64216423034668,0.0,0.0,0.005040000192821026,3405707998,101.88
3735928559,0,0.0682775154709816,-4.644920349121094,-0.8747057914733887,9.776185989379883,-5.4035325050354,9.849924087524414,0.0,0.0,0.005038999952375889,3405707998,102.14
3735928559,0,0.17502202093601227,-4.311028957366943,-0.882682204246521,9.864628791809082,-5.483146667480469,9.94881534576416,0.0,0.0,0.005038999952375889,3405707998,102.33
3735928559,0,0.1511809080839157,-4.094438552856445,-0.8986497521400452,9.95491886138916,-5.564138412475586,10.043503761291504,0.0,0.0,0.005038999952375889,3405707998,102.45
3735928559,0,-0.5348551273345947,-3.4794836044311523,-0.8953948616981506,10.407954216003418,-5.984408855438232,10.54587173461914,0.0,0.0,0.005040000192821026,3405707998,103.24
3735928559,0,-1.0686535835266113,-3.8637046813964844,-0.9326087236404419,10.910818099975586,-6.5219926834106445,11.172460556030273,0.0,0.0,0.005038999952375889,3405707998,104.15
3735928559,0,-1.0317271947860718,-3.804611921310425,-0.9305543303489685,10.985023498535156,-6.610630035400391,11.271824836730957,0.0,0.0,0.005038999952375889,3405707998,104.27
3735928559,0,2.6684799194335938,-0.9567859768867493,-0.8579636812210083,12.066143035888672,-8.221301078796387,12.977434158325195,0.0,0.0,0.005038999952375889,3405707998,106.71
3735928559,0,4.350912570953369,-0.1914859116077423,-0.764133632183075,12.130949974060059,-8.33510684967041,13.072426795959473,0.0,0.0,0.005038999952375889,3405707998,106.88
3735928559,0,5.895924091339111,0.39320650696754456,-0.6645376086235046,12.208419799804688,-8.465962409973145,13.150579452514648,0.0,0.0,0.005040000192821026,3405707998,107.00
3735928559,0,7.0578389167785645,0.6290276050567627,-0.6215259432792664,12.287015914916992,-8.618768692016602,13.216904640197754,0.0,0.0,0.005040000192821026,3405707998,107.18
3735928559,0,7.646099090576172,0.5801122784614563,-0.6232584714889526,12.361055374145508,-8.785064697265625,13.283553123474121,0.0,0.0,0.005040000192821026,3405707998,107.31
3735928559,0,7.60697603225708,0.3113357126712799,-0.7007037401199341,12.442808151245117,-8.946763038635254,13.350259780883789,0.0,0.0,0.005038999952375889,3405707998,107.44
3735928559,0,7.093316078186035,-0.25496208667755127,-0.8190019130706787,12.520665168762207,-9.113089561462402,13.423108100891113,0.0,0.0,0.005040000192821026,3405707998,107.63
3735928559,0,6.251905918121338,-1.0969560146331787,-0.9470334053039551,12.584783554077148,-9.267699241638184,13.513086318969727,0.0,0.0,0.005038999952375889,3405707998,107.75
3735928559,0,-2.687174081802368,-6.196863651275635,-1.3069782257080078,12.990645408630371,-10.440183639526367,14.351344108581543,0.0,0.0,0.005040000192821026,3405707998,109.01
3735928559,0,-3.231468439102173,-6.5425519943237305,-1.2991690635681152,13.030780792236328,-10.579055786132812,14.458662986755371,0.0,0.0,0.005038999952375889,3405707998,109.14
3735928559,0,-3.6176798343658447,-6.8046159744262695,-1.3015758991241455,13.07010555267334,-10.718198776245117,14.565390586853027,0.0,0.0,0.005038999952375889,3405707998,109.26
3735928559,0,-3.8527886867523193,-6.985078811645508,-1.2980496883392334,13.10438346862793,-10.85495662689209,14.675453186035156,0.0,0.0,0.005038999952375889,3405707998,109.43
3735928559,0,-3.8762948513031006,-7.064858436584473,-1.3032581806182861,13.136414527893066,-10.987979888916016,14.785947799682617,0.0,0.0,0.005040000192821026,3405707998,109.56
3735928559,0,-3.723255157470703,-7.065023899078369,-1.3024002313613892,13.168837547302246,-11.127042770385742,14.890023231506348,0.0,0.0,0.005038999952375889,3405707998,109.75
3735928559,0,-3.4961533546447754,-7.022984504699707,-1.3105905055999756,13.205439567565918,-11.270678520202637,14.988641738891602,0.0,0.0,0.005038999952375889,3405707998,109.88
3735928559,0,-2.5208194255828857,-6.758443355560303,-1.3474410772323608,13.303709030151367,-11.705768585205078,15.28852367401123,0.0,0.0,0.005038999952375889,3405707998,110.32
3735928559,0,-2.069514751434326,-6.621905326843262,-1.364990472793579,13.33350944519043,-11.851566314697266,15.389348030090332,0.0,0.0,0.005038999952375889,3405707998,110.50
3735928559,0,-1.5228855609893799,-6.4527668952941895,-1.372186541557312,13.358499526977539,-11.997696876525879,15.492799758911133,0.0,0.0,0.005038999952375889,3405707998,110.63
3735928559,0,-0.8985660672187805,-6.259308815002441,-1.3867276906967163,13.38401985168457,-12.145649909973145,15.5927152633667,0.0,0.0,0.005038999952375889,3405707998,110.82
3735928559,0,-0.2978997528553009,-6.006656169891357,-1.3902032375335693,13.410221099853516,-12.291841506958008,15.690284729003906,0.0,0.0,0.005040000192821026,3405707998,110.94
3735928559,0,2.231471300125122,-6.51355504989624,-1.4523355960845947,13.333529472351074,-15.345613479614258,17.633237838745117,0.0,0.0,0.005040000192821026,3405707998,113.94
3735928559,0,3.0219831466674805,-6.881566047668457,-1.484235167503357,13.371453285217285,-15.494690895080566,17.67993927001953,0.0,0.0,0.005040000192821026,3405707998,114.12
3735928559,0,3.777689218521118,-8.064901351928711,-1.5862194299697876,13.381972312927246,-15.665627479553223,17.737668991088867,0.0,0.0,0.005040000192821026,3405707998,114.31
3735928559,0,4.234310626983643,-9.626142501831055,-1.7034270763397217,13.381869316101074,-15.8541259765625,17.794702529907227,0.0,0.0,0.005038999952375889,3405707998,114.43
3735928559,0,4.52475118637085,-11.666766166687012,-1.8637254238128662,13.378108024597168,-16.02408790588379,17.87967872619629,0.0,0.0,0.005038999952375889,3405707998,114.56
3735928559,0,5.011219024658203,-13.699759483337402,-2.0278072357177734,13.283439636230469,-16.178911209106445,18.046390533447266,0.0,0.0,0.005038999952375889,3405707998,114.75
3735928559,0,5.616562843322754,-14.934614181518555,-2.1669552326202393,13.185761451721191,-16.35485076904297,18.181859970092773,0.0,0.0,0.005040000192821026,3405707998,114.88
3735928559,0,6.361656665802002,-15.382383346557617,-2.302380323410034,13.05128288269043,-16.479015350341797,18.374631881713867,0.0,0.0,0.005040000192821026,3405707998,115.00
3735928559,0,7.6586079597473145,-15.013840675354004,-2.4514822959899902,12.925518989562988,-16.61002540588379,18.537872314453125,0.0,0.0,0.005040000192821026,3405707998,115.20
3735928559,0,8.997843742370605,-13.90215015411377,-2.504152536392212,12.803885459899902,-16.751312255859375,18.674907684326172,0.0,0.0,0.005038999952375889,3405707998,115.33
3735928559,0,10.240241050720215,-12.282425880432129,-2.4318466186523438,12.696117401123047,-16.90277862548828,18.77989387512207,0.0,0.0,0.005038999952375889,3405707998,115.51
3735928559,0,11.074728012084961,-10.05148983001709,-2.150918483734131,12.571733474731445,-17.076215744018555,18.866180419921875,0.0,0.0,0.005040000192821026,3405707998,115.63
3735928559,0,11.21041202545166,-7.486150741577148,-1.690266489982605,12.47337818145752,-17.262956619262695,18.918922424316406,0.0,0.0,0.005040000192821026,3405707998,115.76
3735928559,0,10.572778701782227,-5.055943489074707,-1.2069635391235352,12.40204906463623,-17.474857330322266,18.93754768371582,0.0,0.0,0.005040000192821026,3405707998,115.95
3735928559,0,9.177769660949707,-2.9548370838165283,-0.8349572420120239,12.337038040161133,-17.675432205200195,18.974075317382812,0.0,0.0,0.005040000192821026,3405707998,116.07
3735928559,0,7.352386474609375,-1.2458983659744263,-0.6486845016479492,12.28950309753418,-17.86903190612793,19.011707305908203,0.0,0.0,0.005038999952375889,3405707998,116.26
3735928559,0,5.14251184463501,-0.15156243741512299,-0.6988552212715149,12.26681900024414,-18.060487747192383,19.034849166870117,0.0,0.0,0.005038999952375889,3405707998,116.39
3735928559,0,2.731433629989624,0.09157760441303253,-0.9844083189964294,12.255147933959961,-18.23158836364746,19.070512771606445,0.0,0.0,0.005040000192821026,3405707998,116.52
3735928559,0,0.3996453285217285,-0.6338706612586975,-1.3775290250778198,12.245505332946777,-18.389469146728516,19.1226806640625,0.0,0.0,0.005038999952375889,3405707998,116.71
3735928559,0,-1.719979166984558,-2.0847792625427246,-1.746487021446228,12.197198867797852,-18.545452117919922,19.20663070678711,0.0,0.0,0.005040000192821026,3405707998,116.83
3735928559,0,-3.5185048580169678,-3.9211764335632324,-2.019742965698242,12.14073371887207,-18.70430564880371,19.301206588745117,0.0,0.0,0.005038999952375889,3405707998,117.01
3735928559,0,-4.852263927459717,-6.077372074127197,-2.134955644607544,12.07219123840332,-18.846220016479492,19.419666290283203,0.0,0.0,0.005038999952375889,3405707998,117.13
3735928559,0,-5.455020904541016,-8.553319931030273,-2.08431077003479,11.930878639221191,-18.952638626098633,19.606182098388672,0.0,0.0,0.005040000192821026,3405707998,117.31
3735928559,0,-5.304440498352051,-10.882923126220703,-1.9492437839508057,11.784578323364258,-19.062915802001953,19.78008270263672,0.0,0.0,0.005040000192821026,3405707998,117.43
3735928559,0,-4.4182963371276855,-12.649537086486816,-1.8333899974822998,11.617064476013184,-19.163864135742188,19.95114517211914,0.0,0.0,0.005040000192821026,3405707998,117.61
3735928559,0,-2.976153612136841,-13.869999885559082,-1.792720079421997,11.450740814208984,-19.273571014404297,20.09896469116211,0.0,0.0,0.005040000192821026,3405707998,117.74
3735928559,0,-1.20592200756073,-14.496814727783203,-1.8357675075531006,11.254828453063965,-19.3898983001709,20.24943733215332,0.0,0.0,0.005040000192821026,3405707998,117.93
3735928559,0,0.710411548614502,-14.338582992553711,-1.9326891899108887,11.066788673400879,-19.52240753173828,20.373186111450195,0.0,0.0,0.005038999952375889,3405707998,118.05
3735928559,0,2.441880702972412,-13.653216361999512,-2.0046885013580322,10.894035339355469,-19.676525115966797,20.463783264160156,0.0,0.0,0.005038999952375889,3405707998,118.23
3735928559,0,3.8075177669525146,-12.545830726623535,-2.0012547969818115,10.724871635437012,-19.83631706237793,20.536466598510742,0.0,0.0,0.005038999952375889,3405707998,118.35
3735928559,0,4.60042667388916,-11.257004737854004,-1.931564450263977,10.593171119689941,-20.00682830810547,20.579050064086914,0.0,0.0,0.005040000192821026,3405707998,118.48
3735928559,0,4.835037708282471,-10.202945709228516,-1.8415426015853882,10.464404106140137,-20.185516357421875,20.61789321899414,0.0,0.0,0.005040000192821026,3405707998,118.66
3735928559,0,4.581480026245117,-9.322291374206543,-1.7653517723083496,10.340961456298828,-20.35837173461914,20.66705894470215,0.0,0.0,0.005038999952375889,3405707998,118.78
3735928559,0,3.986091375350952,-8.662670135498047,-1.7233864068984985,10.204885482788086,-20.52886962890625,20.731143951416016,0.0,0.0,0.005040000192821026,3405707998,118.97
3735928559,0,3.196340799331665,-8.174079895019531,-1.7167165279388428,10.093013763427734,-20.667070388793945,20.80992317199707,0.0,0.0,0.005040000192821026,3405707998,119.09
3735928559,0,2.268672466278076,-7.972525596618652,-1.7526293992996216,9.978097915649414,-20.836593627929688,20.872032165527344,0.0,0.0,0.005040000192821026,3405707998,119.27
3735928559,0,1.324257731437683,-8.301091194152832,-1.829622745513916,9.87429428100586,-21.00441551208496,20.938329696655273,0.0,0.0,0.005040000192821026,3405707998,119.40
3735928559,0,0.36494746804237366,-9.023414611816406,-1.9123824834823608,9.733875274658203,-21.18190574645996,21.014055252075195,0.0,0.0,0.005040000192821026,3405707998,119.59
3735928559,0,-0.6388826966285706,-9.771469116210938,-1.9950276613235474,9.581706047058105,-21.339872360229492,21.108625411987305,0.0,0.0,0.005040000192821026,3405707998,119.72
3735928559,0,-1.4986765384674072,-10.515876770019531,-2.053131103515625,9.412034034729004,-21.490140914916992,21.21610450744629,0.0,0.0,0.005040000192821026,3405707998,119.91
3735928559,0,-2.1432154178619385,-11.134313583374023,-2.078565835952759,9.23288631439209,-21.62123680114746,21.338882446289062,0.0,0.0,0.005040000192821026,3405707998,120.03
3735928559,0,-2.207115411758423,-11.49551773071289,-2.0803420543670654,9.000706672668457,-21.710769653320312,21.513004302978516,0.0,0.0,0.005038999952375889,3405707998,120.21
3735928559,0,-1.730768084526062,-11.29747486114502,-2.0715222358703613,8.803485870361328,-21.80446434020996,21.645708084106445,0.0,0.0,0.005040000192821026,3405707998,120.33
3735928559,0,-0.7470545172691345,-11.046937942504883,-2.03231143951416,8.61704158782959,-21.900402069091797,21.75985336303711,0.0,0.0,0.005038999952375889,3405707998,120.46
3735928559,0,0.3359815180301666,-10.861672401428223,-2.0027997493743896,8.457839965820312,-22.0340518951416,21.829683303833008,0.0,0.0,0.005040000192821026,3405707998,120.64
3735928559,0,1.2782976627349854,-10.702031135559082,-1.9777476787567139,8.268463134765625,-22.168174743652344,21.918912887573242,0.0,0.0,0.005038999952375889,3405707998,120.76
3735928559,0,2.2756266593933105,-10.575130462646484,-1.9549267292022705,8.100265502929688,-22.29432487487793,22.00724983215332,0.0,0.0,0.005040000192821026,3405707998,120.93
3735928559,0,3.368727207183838,-10.707117080688477,-1.9519290924072266,7.929686069488525,-22.4276065826416,22.093162536621094,0.0,0.0,0.005040000192821026,3405707998,121.06
3735928559,0,4.463651657104492,-10.842402458190918,-1.9579551219940186,7.741179466247559,-22.567100524902344,22.18058204650879,0.0,0.0,0.0050409999676048756,3405707998,121.25
3735928559,0,5.485858917236328,-11.076573371887207,-1.987237811088562,7.569616317749023,-22.720712661743164,22.251209259033203,0.0,0.0,0.005040000192821026,3405707998,121.37
3735928559,0,6.446287631988525,-11.389196395874023,-2.0335519313812256,7.356547832489014,-22.874055862426758,22.338075637817383,0.0,0.0,0.005040000192821026,3405707998,121.55
3735928559,0,7.125349521636963,-11.32513427734375,-2.0310659408569336,7.133718967437744,-23.05570411682129,22.39458465576172,0.0,0.0,0.005040000192821026,3405707998,121.68
3735928559,0,7.290407180786133,-11.218170166015625,-2.032149076461792,6.95918607711792,-23.25310516357422,22.424074172973633,0.0,0.0,0.005038999952375889,3405707998,121.82
3735928559,0,6.91348123550415,-11.285072326660156,-2.0562567710876465,6.78373908996582,-23.44959259033203,22.45977020263672,0.0,0.0,0.005038999952375889,3405707998,122.01
3735928559,0,6.047000408172607,-11.531538009643555,-2.097317934036255,6.5941996574401855,-23.656103134155273,22.497785568237305,0.0,0.0,0.005040000192821026,3405707998,122.13
3735928559,0,4.79910135269165,-11.873557090759277,-2.1508922576904297,6.406888484954834,-23.845117568969727,22.557945251464844,0.0,0.0,0.0050409999676048756,3405707998,122.32
3735928559,0,3.433729887008667,-12.466864585876465,-2.212423324584961,6.2206830978393555,-24.02796173095703,22.62870979309082,0.0,0.0,0.005038999952375889,3405707998,122.45
3735928559,0,1.9246506690979004,-13.321046829223633,-2.2872002124786377,6.028843879699707,-24.23550033569336,22.684661865234375,0.0,0.0,0.005040000192821026,3405707998,122.63
3735928559,0,0.2512127161026001,-14.154619216918945,-2.3350331783294678,5.803760528564453,-24.4195613861084,22.770292282104492,0.0,0.0,0.005040000192821026,3405707998,122.76
3735928559,0,-1.2634727954864502,-15.016304969787598,-2.3650012016296387,5.596898555755615,-24.564455032348633,22.881772994995117,0.0,0.0,0.005040000192821026,3405707998,122.89
3735928559,0,-2.309384822845459,-15.966586112976074,-2.3682985305786133,5.347059726715088,-24.68794059753418,23.018617630004883,0.0,0.0,0.005040000192821026,3405707998,123.07
3735928559,0,-2.961864709854126,-16.46101188659668,-2.360018014907837,5.055303573608398,-24.81688690185547,23.139850616455078,0.0,0.0,0.005038999952375889,3405707998,123.19
3735928559,0,-3.1525461673736572,-16.59137535095215,-2.358788251876831,4.7986321449279785,-24.894872665405273,23.28816032409668,0.0,0.0,0.005040000192821026,3405707998,123.38
3735928559,0,-2.761293411254883,-16.561094284057617,-2.3601584434509277,4.519952297210693,-24.990234375,23.409276962280273,0.0,0.0,0.005040000192821026,3405707998,123.51
3735928559,0,-2.0577049255371094,-16.25300407409668,-2.3793652057647705,4.263138294219971,-25.088470458984375,23.511560440063477,0.0,0.0,0.005040000192821026,3405707998,123.63
3735928559,0,-1.1399134397506714,-15.917552947998047,-2.381788969039917,4.015343189239502,-25.176206588745117,23.615867614746094,0.0,0.0,0.005040000192821026,3405707998,123.82
3735928559,0,-0.0635206326842308,-15.517436981201172,-2.3739287853240967,3.7498066425323486,-25.286575317382812,23.69552993774414,0.0,0.0,0.005040000192821026,3405707998,123.95
3735928559,0,0.9666240811347961,-15.055974960327148,-2.366657018661499,3.5184578895568848,-25.409751892089844,23.763395309448242,0.0,0.0,0.005040000192821026,3405707998,124.09
3735928559,0,1.8315787315368652,-14.813016891479492,-2.3457469940185547,3.2740352153778076,-25.557466506958008,23.81406021118164,0.0,0.0,0.005040000192821026,3405707998,124.27
3735928559,0,2.4198899269104004,-14.508478164672852,-2.335118532180786,3.0288572311401367,-25.698501586914062,23.874374389648438,0.0,0.0,0.005040000192821026,3405707998,124.39
3735928559,0,2.963653802871704,-14.199736595153809,-2.3108811378479004,2.759275197982788,-25.82123374938965,23.95314598083496,0.0,0.0,0.005040000192821026,3405707998,124.58
3735928559,0,3.405547857284546,-13.87879753112793,-2.2966322898864746,2.5085408687591553,-25.975786209106445,23.997161865234375,0.0,0.0,0.005038999952375889,3405707998,124.71
3735928559,0,3.4202797412872314,-13.704115867614746,-2.2950053215026855,2.2986533641815186,-26.154647827148438,24.02078628540039,0.0,0.0,0.005038999952375889,3405707998,124.84
3735928559,0,3.063181161880493,-13.874848365783691,-2.314784049987793,2.049028158187866,-26.323841094970703,24.07293128967285,0.0,0.0,0.005040000192821026,3405707998,125.02
3735928559,0,2.5574917793273926,-13.98919677734375,-2.3532087802886963,1.7900876998901367,-26.48578453063965,24.134750366210938,0.0,0.0,0.005038999952375889,3405707998,125.15
3735928559,0,1.9222201108932495,-14.410285949707031,-2.4078257083892822,1.5724470615386963,-26.670255661010742,24.179065704345703,0.0,0.0,0.005038999952375889,3405707998,125.33
3735928559,0,1.0116541385650635,-15.262391090393066,-2.4762935638427734,1.3677366971969604,-26.884004592895508,24.208148956298828,0.0,0.0,0.005040000192821026,3405707998,125.46
3735928559,0,-0.4307747185230255,-16.351648330688477,-2.532111167907715,1.0936163663864136,-27.10980796813965,24.239425659179688,0.0,0.0,0.005040000192821026,3405707998,125.65
3735928559,0,-1.9613116979599,-17.14129638671875,-2.5625901222229004,0.7517768144607544,-27.24272346496582,24.362972259521484,0.0,0.0,0.005038999952375889,3405707998,125.77
3735928559,0,-2.73050594329834,-17.482023239135742,-2.567654848098755,0.39781802892684937,-27.291135787963867,24.54770278930664,0.0,0.0,0.005040000192821026,3405707998,125.90
3735928559,0,-2.381565570831299,-17.45378303527832,-2.5693886280059814,0.05119350180029869,-27.302833557128906,24.735374450683594,0.0,0.0,0.005038999952375889,3405707998,126.08
3735928559,0,-1.0815993547439575,-16.96363639831543,-2.562729597091675,-0.325092077255249,-27.315702438354492,24.8867244720459,0.0,0.0,0.005040000192821026,3405707998,126.21
3735928559,0,0.8679155111312866,-16.174400329589844,-2.5260491371154785,-0.6372357606887817,-27.333879470825195,25.019306182861328,0.0,0.0,0.005038999952375889,3405707998,126.39
3735928559,0,3.44342303276062,-15.289458274841309,-2.444413900375366,-0.9825928807258606,-27.332122802734375,25.160707473754883,0.0,0.0,0.005038999952375889,3405707998,126.51
3735928559,0,6.420352458953857,-14.118672370910645,-2.304100275039673,-1.2840996980667114,-27.379728317260742,25.244426727294922,0.0,0.0,0.005038999952375889,3405707998,126.69
3735928559,0,9.401799201965332,-13.128158569335938,-2.142542600631714,-1.5602797269821167,-27.467361450195312,25.301549911499023,0.0,0.0,0.005038999952375889,3405707998,126.82
3735928559,0,12.000396728515625,-12.427006721496582,-2.0198774337768555,-1.7944055795669556,-27.653932571411133,25.274030685424805,0.0,0.0,0.005038999952375889,3405707998,127.00
3735928559,0,13.705909729003906,-11.991438865661621,-1.937563419342041,-2.052994728088379,-27.884761810302734,25.22394371032715,0.0,0.0,0.005040000192821026,3405707998,127.12
3735928559,0,14.259556770324707,-11.811542510986328,-1.9182840585708618,-2.298506498336792,-28.13055992126465,25.179807662963867,0.0,0.0,0.005040000192821026,3405707998,127.26
3735928559,0,13.848453521728516,-11.998980522155762,-1.9836355447769165,-2.5541574954986572,-28.371776580810547,25.1616153717041,0.0,0.0,0.005040000192821026,3405707998,127.45
3735928559,0,12.691848754882812,-12.506650924682617,-2.1321473121643066,-2.8062610626220703,-28.62389373779297,25.151620864868164,0.0,0.0,0.005038999952375889,3405707998,127.57
3735928559,0,10.886070251464844,-13.354226112365723,-2.340054988861084,-3.0784802436828613,-28.874242782592773,25.16288948059082,0.0,0.0,0.005038999952375889,3405707998,127.76
3735928559,0,8.61229133605957,-14.224105834960938,-2.5125861167907715,-3.3993918895721436,-29.11157989501953,25.194753646850586,0.0,0.0,0.005040000192821026,3405707998,127.88
3735928559,0,6.200358867645264,-15.027809143066406,-2.6674461364746094,-3.7069122791290283,-29.321517944335938,25.262386322021484,0.0,0.0,0.005040000192821026,3405707998,128.07
3735928559,0,3.9374969005584717,-15.910462379455566,-2.798372983932495,-4.045845031738281,-29.48401641845703,25.378822326660156,0.0,0.0,0.005040000192821026,3405707998,128.20
3735928559,0,2.193312883377075,-16.56559944152832,-2.88472318649292,-4.425382137298584,-29.6044921875,25.515548706054688,0.0,0.0,0.005040000192821026,3405707998,128.32
3735928559,0,1.1889785528182983,-17.04582977294922,-2.9387059211730957,-4.774991989135742,-29.707040786743164,25.656286239624023,0.0,0.0,0.005040000192821026,3405707998,128.51
3735928559,0,0.8110780119895935,-17.32815170288086,-2.9575297832489014,-5.134868621826172,-29.769235610961914,25.81393051147461,0.0,0.0,0.005040000192821026,3405707998,128.63
3735928559,0,1.3002285957336426,-17.772977828979492,-2.966914415359497,-5.485762596130371,-29.845905303955078,25.9227294921875,0.0,0.0,0.005038999952375889,3405707998,128.82
3735928559,0,2.147106409072876,-18.02019500732422,-2.976548910140991,-5.832496643066406,-29.92945671081543,26.0216064453125,0.0,0.0,0.005038999952375889,3405707998,128.95
3735928559,0,3.54624605178833,-18.427988052368164,-3.012324094772339,-6.193718910217285,-29.9548397064209,26.17539405822754,0.0,0.0,0.005040000192821026,3405707998,129.08
3735928559,0,5.573392868041992,-18.928544998168945,-3.1085360050201416,-6.5401105880737305,-30.026647567749023,26.279537200927734,0.0,0.0,0.005038999952375889,3405707998,129.26
3735928559,0,7.784791469573975,-19.347251892089844,-3.2558531761169434,-6.898237228393555,-30.142351150512695,26.332090377807617,0.0,0.0,0.005040000192821026,3405707998,129.39
3735928559,0,9.776609420776367,-19.718379974365234,-3.4420053958892822,-7.240546703338623,-30.286128997802734,26.367414474487305,0.0,0.0,0.005038999952375889,3405707998,129.58
3735928559,0,11.504302978515625,-19.91647720336914,-3.608069896697998,-7.621895790100098,-30.437074661254883,26.382532119750977,0.0,0.0,0.005040000192821026,3405707998,129.70
3735928559,0,12.70875072479248,-19.89212989807129,-3.6970691680908203,-7.975075721740723,-30.631196975708008,26.359848022460938,0.0,0.0,0.005040000192821026,3405707998,129.84
3735928559,0,13.322796821594238,-19.73651885986328,-3.736053705215454,-8.319945335388184,-30.791046142578125,26.381940841674805,0.0,0.0,0.005040000192821026,3405707998,130.02
3735928559,0,13.424748420715332,-19.64696502685547,-3.722684860229492,-8.669775009155273,-31.007131576538086,26.3519344329834,0.0,0.0,0.005038999952375889,3405707998,130.14
3735928559,0,12.822038650512695,-19.33709716796875,-3.60010027885437,-9.06968879699707,-31.21142578125,26.32152557373047,0.0,0.0,0.005038999952375889,3405707998,130.32
3735928559,0,11.678168296813965,-18.815359115600586,-3.4376871585845947,-9.427324295043945,-31.389514923095703,26.338207244873047,0.0,0.0,0.005040000192821026,3405707998,130.45
3735928559,0,10.408363342285156,-18.241605758666992,-3.291393756866455,-9.770275115966797,-31.478322982788086,26.441810607910156,0.0,0.0,0.005040000192821026,3405707998,130.63
3735928559,0,7.927977561950684,-17.03800392150879,-3.0426363945007324,-10.603866577148438,-31.70974349975586,26.56670379638672,0.0,0.0,0.005038999952375889,3405707998,130.94
3735928559,0,7.135543346405029,-15.971678733825684,-2.8916640281677246,-10.975994110107422,-31.75755500793457,26.685537338256836,0.0,0.0,0.005040000192821026,3405707998,131.06
3735928559,0,6.732829570770264,-15.329578399658203,-2.811530113220215,-11.33169174194336,-31.841876983642578,26.77874755859375,0.0,0.0,0.005040000192821026,3405707998,131.24
3735928559,0,6.265539169311523,-15.223104476928711,-2.849828004837036,-12.019061088562012,-32.100284576416016,26.92307472229004,0.0,0.0,0.005040000192821026,3405707998,131.55
3735928559,1,4.983051300048828,-19.372846603393555,-3.4633395671844482,-15.495955467224121,-33.389312744140625,27.309093475341797,0.0,0.0,0.005040000192821026,3405707998,132.86
3735928559,3,4.983051300048828,-19.372846603393555,-3.4633395671844482,-15.506333351135254,-33.398963928222656,27.303300857543945,0.0,0.0,0.005040000192821026,3405707998,132.87
3735928559,4,4.934376239776611,-19.38526153564453,-3.4684274196624756,-0.04812420904636383,-0.014388074167072773,-0.0031346497125923634,0.0,0.0,0.005038999952375889,3405707998,132.87
3735928559,4,4.711159706115723,-19.732633590698242,-3.514042377471924,-0.46336129307746887,-0.13567551970481873,0.03877220302820206,0.0,0.0,0.005038999952375889,3405707998,133.05
3735928559,4,4.300594806671143,-20.237733840942383,-3.5790586471557617,-0.8806137442588806,-0.25957101583480835,0.08089194446802139,0.0,0.0,0.005038999952375889,3405707998,133.18
3735928559,4,3.5831048488616943,-20.78453254699707,-3.63864803314209,-1.3015273809432983,-0.38408520817756653,0.12121043354272842,0.0,0.0,0.005038999952375889,3405707998,133.37
3735928559,4,2.807936668395996,-21.25497817993164,-3.688098907470703,-1.7266626358032227,-0.5068377256393433,0.1604001820087433,0.0,0.0,0.005038999952375889,3405707998,133.49
3735928559,4,2.520671844482422,-21.28021240234375,-3.6998655796051025,-2.159231185913086,-0.6235727071762085,0.19731582701206207,0.0,0.0,0.005040000192821026,3405707998,133.62
3735928559,4,2.8085103034973145,-21.143386840820312,-3.6894943714141846,-2.594553232192993,-0.7340180277824402,0.23482312262058258,0.0,0.0,0.005038999952375889,3405707998,133.81
3735928559,5,2.9644994735717773,-21.080503463745117,-3.682412624359131,-2.768120050430298,-0.7798280119895935,0.24512143433094025,0.0,0.0,0.005040000192821026,3405707998,133.88
3735928559,6,3.112820863723755,-21.008241653442383,-3.6828792095184326,-3.016068935394287,-0.8402669429779053,0.2506646513938904,0.822144091129303,-3.9342434406280518,0.005040000192821026,3405707998,133.94
3735928559,6,3.590317487716675,-20.696680068969727,-3.660229206085205,-3.4586572647094727,-0.9473375082015991,0.2809221148490906,1.0062626600265503,-3.718045949935913,0.005038999952375889,3405707998,134.13
3735928559,6,3.847287178039551,-19.006879806518555,-3.3610928058624268,-3.914071798324585,-1.056508183479309,0.23953044414520264,0.2088303416967392,0.1250295341014862,0.005038999952375889,3405707998,134.26
3735928559,6,2.056403398513794,-6.958621501922607,-1.5963388681411743,-4.457372665405273,-1.158958077430725,0.12068397551774979,0.004719937685877085,5.027247428894043,0.005038999952375889,3405707998,134.39
3735928559,6,2.918128728866577,0.5750455260276794,-0.07998988777399063,-4.955900192260742,-1.2504581212997437,0.3739197254180908,1.2918363809585571,0.3265794813632965,0.005040000192821026,3405707998,134.53
3735928559,6,3.1425089836120605,0.1679641753435135,-0.35755226016044617,-5.403046131134033,-1.3648334741592407,0.3996536135673523,-0.8430430293083191,0.2683063745498657,0.005040000192821026,3405707998,134.71
3735928559,6,-0.25406762957572937,1.355636477470398,-1.3005342483520508,-5.8590497970581055,-1.4922964572906494,0.37854278087615967,-1.7152193784713745,1.3003334999084473,0.0050409999676048756,3405707998,134.83
3735928559,6,-2.7761356830596924,3.648324728012085,-1.630365252494812,-6.328076362609863,-1.6048158407211304,0.41085681319236755,-0.6171772480010986,1.732495903968811,0.005040000192821026,3405707998,135.02
3735928559,6,-2.2765097618103027,5.433469772338867,-0.9829308986663818,-6.79921293258667,-1.7004458904266357,0.45137256383895874,0.038262732326984406,1.5566701889038086,0.005040000192821026,3405707998,135.14
3735928559,6,-1.757380723953247,6.154013633728027,-0.7042052149772644,-7.25979471206665,-1.7948286533355713,0.4775204658508301,-0.6470819115638733,1.2496325969696045,0.005040000192821026,3405707998,135.33
3735928559,6,-2.499074935913086,6.115036487579346,-1.0684828758239746,-7.716975688934326,-1.8942047357559204,0.5156095623970032,-0.8929430246353149,0.7299274802207947,0.005038999952375889,3405707998,135.46
3735928559,6,-3.131164073944092,5.512283802032471,-1.392528772354126,-8.182727813720703,-1.9990063905715942,0.5172790884971619,-0.8482698798179626,1.0008900165557861,0.0050409999676048756,3405707998,135.59
3735928559,6,-3.6759862899780273,5.5719828605651855,-1.678169846534729,-8.655555725097656,-2.0985817909240723,0.5169286131858826,-1.042028546333313,1.1644339561462402,0.005040000192821026,3405707998,135.77
3735928559,6,-4.107306480407715,6.360222816467285,-1.4678282737731934,-9.365126609802246,-2.3216750621795654,1.0214072465896606,-0.34087520837783813,1.5897166728973389,0.005040000192821026,3405707998,135.89
3735928559,6,-3.329413890838623,7.9853010177612305,-0.6431624293327332,-9.918694496154785,-2.422123432159424,1.062038779258728,-0.4183882474899292,2.6568031311035156,0.005040000192821026,3405707998,136.08
3735928559,6,-2.8772952556610107,10.644086837768555,0.23666666448116302,-10.415266990661621,-2.504333972930908,1.032143473625183,-0.42453381419181824,3.5726420879364014,0.005038999952375889,3405707998,136.21
3735928559,6,-2.7375781536102295,14.162506103515625,1.2665722370147705,-10.936373710632324,-2.614036798477173,1.0310155153274536,-0.5602585077285767,4.732263565063477,0.005040000192821026,3405707998,136.40
3735928559,6,-2.8760766983032227,18.584556579589844,2.396742820739746,-11.452108383178711,-2.7208871841430664,0.9752427339553833,-0.7199376821517944,6.064431667327881,0.005040000192821026,3405707998,136.53
3735928559,6,-3.3152191638946533,23.971826553344727,3.78591251373291,-11.954778671264648,-2.8437161445617676,0.948013186454773,-0.9522150754928589,7.579836845397949,0.005040000192821026,3405707998,136.65
3735928559,6,-3.209988594055176,28.48387336730957,5.473756313323975,-12.41535758972168,-3.008862018585205,1.1741104125976562,0.30892980098724365,5.825791358947754,0.005040000192821026,3405707998,136.83
3735928559,6,-1.0645326375961304,28.765316009521484,7.272584915161133,-12.876784324645996,-3.1094489097595215,1.1955513954162598,0.854463517665863,5.680068016052246,0.005038999952375889,3405707998,136.95
3735928559,6,0.9618233442306519,29.36978530883789,9.093371391296387,-13.369301795959473,-3.2004358768463135,1.17892587184906,1.23470139503479,5.899114608764648,0.005038999952375889,3405707998,137.13
3735928559,6,3.2500388622283936,29.76413345336914,11.11069393157959,-13.856263160705566,-3.2920703887939453,1.1868939399719238,1.8660578727722168,6.004710674285889,0.005038999952375889,3405707998,137.26
3735928559,6,5.869208812713623,29.94342041015625,13.261695861816406,-14.344335556030273,-3.3565399646759033,1.207679271697998,2.4623711109161377,5.722035884857178,0.005040000192821026,3405707998,137.44
3735928559,6,8.632160186767578,29.760942459106445,15.446518898010254,-14.833456039428711,-3.429039716720581,1.2102751731872559,3.1711878776550293,5.655318260192871,0.005040000192821026,3405707998,137.57
3735928559,6,12.119302749633789,29.40117835998535,18.175533294677734,-15.325443267822266,-3.495077133178711,1.2271050214767456,4.405570030212402,5.441112518310547,0.005040000192821026,3405707998,137.75
3735928559,6,16.603578567504883,28.657793045043945,21.454517364501953,-15.815417289733887,-3.547661542892456,1.2506928443908691,5.572969436645508,5.10739803314209,0.005040000192821026,3405707998,137.88
3735928559,6,21.66836166381836,27.44483757019043,24.800081253051758,-16.306303024291992,-3.598194122314453,1.2806288003921509,6.778266906738281,4.620834827423096,0.005040000192821026,3405707998,138.06
3735928559,6,24.35413932800293,26.57447624206543,25.64151954650879,-16.847057342529297,-3.6200952529907227,1.2565973997116089,4.201745510101318,5.334258079528809,0.005040000192821026,3405707998,138.17
3735928559,6,23.641704559326172,26.707975387573242,25.32594108581543,-17.329748153686523,-3.7626585960388184,1.240019679069519,4.669358730316162,5.297242164611816,0.005038999952375889,3405707998,138.36
3735928559,6,24.120569229125977,26.456832885742188,25.641637802124023,-17.80820083618164,-3.8731627464294434,1.2345869541168213,5.035372734069824,5.040415287017822,0.005040000192821026,3405707998,138.48
3735928559,6,24.32917022705078,25.579246520996094,25.42281723022461,-21.38362693786621,-4.666828632354736,1.2402458190917969,4.772481441497803,5.129644870758057,0.005038999952375889,3405707998,139.56
3735928559,6,24.280807495117188,25.476865768432617,25.36417007446289,-21.90864372253418,-4.785403728485107,1.2411412000656128,4.793044090270996,5.128560543060303,0.0050409999676048756,3405707998,139.68
3735928559,6,24.256465911865234,25.378381729125977,25.307283401489258,-22.439252853393555,-4.904566287994385,1.2406071424484253,4.7904276847839355,5.11236572265625,0.005040000192821026,3405707998,139.87
3735928559,6,24.218503952026367,25.271114349365234,25.24819564819336,-22.976137161254883,-5.02410888671875,1.2363319396972656,4.795600414276123,5.143222808837891,0.005040000192821026,3405707998,139.99
3735928559,6,24.17279815673828,25.171493530273438,25.18523406982422,-23.49074363708496,-5.138751983642578,1.2142412662506104,4.815367698669434,5.10813570022583,0.005040000192821026,3405707998,140.16
3735928559,6,24.1499080657959,25.081615447998047,25.14374542236328,-24.01201629638672,-5.253353595733643,1.1864737272262573,4.816224575042725,5.125930309295654,0.005040000192821026,3405707998,140.34
3735928559,6,24.11772346496582,25.02499008178711,25.08823585510254,-24.552505493164062,-5.373678684234619,1.1799592971801758,4.818467617034912,5.139707565307617,0.005040000192821026,3405707998,140.46
3735928559,6,24.097198486328125,24.94978141784668,25.042776107788086,-25.09194564819336,-5.492250919342041,1.1738101243972778,4.846563816070557,5.126421928405762,0.005040000192821026,3405707998,140.64
3735928559,6,24.10401153564453,24.87394142150879,25.02090072631836,-25.632953643798828,-5.609679698944092,1.1657161712646484,4.8440775871276855,5.174015045166016,0.005040000192821026,3405707998,140.76
3735928559,6,24.0728759765625,24.83226776123047,24.996749877929688,-26.178586959838867,-5.728265762329102,1.1582032442092896,4.850643157958984,5.163375377655029,0.005040000192821026,3405707998,140.89
3735928559,6,24.043325424194336,24.79450798034668,24.95977210998535,-26.724605560302734,-5.847152233123779,1.1509696245193481,4.864388465881348,5.1649250984191895,0.005040000192821026,3405707998,141.08
3735928559,6,24.020221710205078,24.751205444335938,24.933734893798828,-27.269189834594727,-5.9646806716918945,1.1462491750717163,4.887877464294434,5.159913539886475,0.005040000192821026,3405707998,141.20
3735928559,6,24.010616302490234,24.7218017578125,24.916725158691406,-27.815988540649414,-6.082184791564941,1.131210446357727,4.897329330444336,5.212757587432861,0.005040000192821026,3405707998,141.39
3735928559,6,23.9936466217041,24.733484268188477,24.895523071289062,-28.365354537963867,-6.198185920715332,1.123180627822876,4.8779425621032715,5.230762004852295,0.005040000192821026,3405707998,141.50
3735928559,6,24.0012264251709,24.704790115356445,24.905298233032227,-31.653276443481445,-6.909369468688965,1.0790847539901733,4.992945194244385,5.288865089416504,0.005040000192821026,3405707998,142.43
3735928559,6,24.012836456298828,24.697826385498047,24.92289161682129,-32.20396423339844,-7.029590129852295,1.073603630065918,5.043981552124023,5.293894290924072,0.005040000192821026,3405707998,142.56
3735928559,6,24.019590377807617,24.696063995361328,24.924135208129883,-33.30069351196289,-7.264966011047363,1.055096983909607,5.036952018737793,5.350273132324219,0.005040000192821026,3405707998,142.87
3735928559,6,24.003631591796875,24.702865600585938,24.91692352294922,-33.84964370727539,-7.382968902587891,1.0480010509490967,5.033843994140625,5.365349769592285,0.005040000192821026,3405707998,143.05
3735928559,6,23.973556518554688,24.702312469482422,24.90336799621582,-34.39771270751953,-7.501612663269043,1.0395441055297852,5.048370361328125,5.3673930168151855,0.005040000192821026,3405707998,143.16
3735928559,6,23.982040405273438,24.6975154876709,24.906007766723633,-34.94453430175781,-7.618920803070068,1.0319924354553223,5.060161590576172,5.383970737457275,0.005040000192821026,3405707998,143.33
3735928559,6,23.98248291015625,24.699674606323242,24.91489601135254,-35.4924430847168,-7.737491130828857,1.0234472751617432,5.0997185707092285,5.397839546203613,0.005040000192821026,3405707998,143.52
3735928559,6,23.98524284362793,24.69959259033203,24.914810180664062,-36.040706634521484,-7.854552268981934,1.0149139165878296,5.095830917358398,5.405236721038818,0.005040000192821026,3405707998,143.64
3735928559,6,23.996339797973633,24.70174789428711,24.925901412963867,-36.589046478271484,-7.971320629119873,1.0053797960281372,5.114160060882568,5.4320969581604,0.005040000192821026,3405707998,143.77
3735928559,7,23.996849060058594,24.706226348876953,24.923086166381836,-36.848358154296875,-8.027351379394531,1.0185093879699707,5.132837295532227,5.428413391113281,0.005040000192821026,3405707998,143.96
